,AHU_g,AHU_tin,AHU_tout,g_load,CP1_g,CP1_inv,CP1_pw,CP1_dp,CP1_ef,AHP1_g_ch,AHP1_tin_ch,AHP1_tout_ch,AHP1_COP,AHP1_pw,AHP1_pl,tdb
2018/8/21 0:00,0,10.73333333,10.73333333,0,0,0,0,0,0,0,11.26666667,11.26666667,0,0,0,26.71166667
2018/8/21 0:15,0,11.26666667,11.26666667,0,0,0,0,0,0,0,10.73333333,10.73333333,0,0,0,26.74833333
2018/8/21 0:30,0,10.73333333,10.73333333,0,0,0,0,0,0,0,11.26666667,11.26666667,0,0,0,26.77888873
2018/8/21 0:45,0,11.26666667,11.26666667,0,0,0,0,0,0,0,10.73333333,10.73333333,0,0,0,26.79111093
2018/8/21 1:00,0,10.73333333,10.73333333,0,0,0,0,0,0,0,11.26666667,11.26666667,0,0,0,26.8
2018/8/21 1:15,0,11.26666667,11.26666667,0,0,0,0,0,0,0,10.73333333,10.73333333,0,0,0,26.8
2018/8/21 1:30,0,10.73333333,10.73333333,0,0,0,0,0,0,0,11.26666667,11.26666667,0,0,0,26.8
2018/8/21 1:45,0,11.26666667,11.26666667,0,0,0,0,0,0,0,10.73333333,10.73333333,0,0,0,26.80388873
2018/8/21 2:00,0,10.73333333,10.73333333,0,0,0,0,0,0,0,11.26666667,11.26666667,0,0,0,26.808333
2018/8/21 2:15,0,11.26666667,11.26666667,0,0,0,0,0,0,0,10.73333333,10.73333333,0,0,0,26.80444427
2018/8/21 2:30,0,10.73333333,10.73333333,0,0,0,0,0,0,0,11.26666667,11.26666667,0,0,0,26.83111127
2018/8/21 2:45,0,11.26666667,11.26666667,0,0,0,0,0,0,0,10.73333333,10.73333333,0,0,0,26.87444447
2018/8/21 3:00,0,10.73333333,10.73333333,0,0,0,0,0,0,0,11.26666667,11.26666667,0,0,0,26.8872222
2018/8/21 3:15,0,11.26666667,11.26666667,0,0,0,0,0,0,0,10.73333333,10.73333333,0,0,0,26.8877778
2018/8/21 3:30,0,10.73333333,10.73333333,0,0,0,0,0,0,0,11.26666667,11.26666667,0,0,0,26.89111093
2018/8/21 3:45,0,11.26666667,11.26666667,0,0,0,0,0,0,0,10.73333333,10.73333333,0,0,0,26.89611127
2018/8/21 4:00,0,10.73333333,10.73333333,0,0,0,0,0,0,0,11.26666667,11.26666667,0,0,0,26.88388907
2018/8/21 4:15,0,11.26666667,11.26666667,0,0,0,0,0,0,0,10.73333333,10.73333333,0,0,0,26.88666667
2018/8/21 4:30,0,10.73333333,10.73333333,0,0,0,0,0,0,0,11.26666667,11.26666667,0,0,0,26.87666667
2018/8/21 4:45,0,11.26666667,11.26666667,0,0,0,0,0,0,0,10.73333333,10.73333333,0,0,0,26.82666667
2018/8/21 5:00,0,10.73333333,10.73333333,0,0,0,0,0,0,0,11.26666667,11.26666667,0,0,0,26.8
2018/8/21 5:15,0,11.26666667,11.26666667,0,0,0,0,0,0,0,10.73333333,10.73333333,0,0,0,26.8
2018/8/21 5:30,0,10.73333333,10.73333333,0,0,0,0,0,0,0,11.26666667,11.26666667,0,0,0,26.83111127
2018/8/21 5:45,0,11.26666667,11.26666667,0,0,0,0,0,0,0,10.73333333,10.73333333,0,0,0,26.8822224
2018/8/21 6:00,0,10.73333333,10.73333333,0,0,0,0,0,0,0,11.26666667,11.26666667,0,0,0,26.9
2018/8/21 6:15,0,11.26666667,11.26666667,0,0,0,0,0,0,0,10.73333333,10.73333333,0,0,0,26.9
2018/8/21 6:30,0,10.73333333,10.73333333,0,0,0,0,0,0,0,11.26666667,11.26666667,0,0,0,26.90777793
2018/8/21 6:45,0,11.26666667,11.26666667,0,0,0,0,0,0,0,10.73333333,10.73333333,0,0,0,26.92833367
2018/8/21 7:00,0,10.73333333,10.73333333,0,0,0,0,0,0,0,11.26666667,11.26666667,0,0,0,26.94944447
2018/8/21 7:15,0,11.26666667,11.26666667,0,0,0,0,0,0,0,10.73333333,10.73333333,0,0,0,26.97388887
2018/8/21 7:30,0,10.73333333,10.73333333,0,0,0,0,0,0,0,11.26666667,11.26666667,0,0,0,26.98000033
2018/8/21 7:45,0,11.26666667,11.26666667,0,0,0,0,0,0,0,10.73333333,10.73333333,0,0,0,26.97833367
2018/8/21 8:00,0,10.73333333,10.73333333,0,0,0,0,0,0,0,11.26666667,11.26666667,0,0,0,26.99555573
2018/8/21 8:15,0,11.26666667,11.26666667,0,0,0,0,0,0,0,10.73333333,10.73333333,0,0,0,27
2018/8/21 8:30,0,10.73333333,10.73333333,0,0,0,0,0,0,0,11.26666667,11.26666667,0,0,0,27
2018/8/21 8:45,0,11.26666667,11.26666667,0.035487667,0,0,0,0,0,0,10.73333333,10.73333333,0,0,0,26.99611127
2018/8/21 9:00,0.00092157,7,24.80432547,0.040557333,0.000737664,0.042243927,0.000126524,0.37910281,0.036958993,0.000737664,14.2,7,1.608352239,0.230375327,0.012351584,26.9022224
2018/8/21 9:15,0.001584941,7,23.57780827,0.009725333,0.002082822,0.065752556,0.000447397,1.206062822,0.0939739,0.002082822,23.38213374,7,3.766242926,0.593509421,0.031942158,26.94
2018/8/21 9:30,0.003102376,7,25,0.020151667,0.003232175,0.090025082,0.001122786,2.266897479,0.108938628,0.003232175,25,7,4.089075581,0.991509112,0.054120139,27.33722207
2018/8/21 9:45,0.005558757,7,25,0.020125667,0.005772515,0.11484954,0.002304591,3.653251764,0.152568004,0.005772515,25,7,4.144923973,1.748186098,0.096656062,27.74055553
2018/8/21 10:00,0.008816081,7,25,0.021576,0.008858089,0.136248595,0.003886794,5.095568335,0.193353388,0.008858089,25,7,4.174463636,2.664276386,0.148321495,27.95388907
2018/8/21 10:15,0.012865234,7,25,0.024123,0.012555339,0.155105279,0.005843256,6.527236393,0.233692789,0.012555339,25,7,4.254627872,3.70202968,0.210228935,28.49166667
2018/8/21 10:30,0.017522786,7,24.98869354,0.026207333,0.017613493,0.17156758,0.008190516,7.825553981,0.280519388,0.017613493,25,7,4.292060422,5.195192315,0.294923606,29.53833333
2018/8/21 10:45,0.020986328,7,23.05043122,0.024968,0.021179988,0.181473383,0.009917301,8.613420201,0.306553125,0.021179988,23.25314609,7,3.700067418,6.659068866,0.319676752,30.02
2018/8/21 11:00,0.022476563,7,21.22964544,0.024244333,0.022543363,0.185220481,0.010633456,8.915742265,0.314966669,0.022543363,21.29325378,7,4.415614018,5.089333688,0.299625778,29.89611127
2018/8/21 11:15,0.023561198,7,20.67315051,0.024949,0.023577207,0.187853291,0.011167261,9.125050104,0.321051638,0.023577207,20.6849438,7,4.385814757,5.132779187,0.300126808,29.66611113
2018/8/21 11:30,0.024217448,7,20.54642982,0.024951,0.02432347,0.189372035,0.011502602,9.235875702,0.325461036,0.02432347,20.56174383,7,4.155372715,5.623959975,0.306845728,29.77388887
2018/8/21 11:45,0.024755208,7,20.69093991,0.025805333,0.024726244,0.190595861,0.011751729,9.338827697,0.327456922,0.024726244,20.66085858,7,3.295287909,7.151534136,0.314237,30.61555573
2018/8/21 12:00,0.025338542,7,20.25801626,0.025264667,0.025306232,0.192062728,0.012067523,9.455783429,0.33046153,0.025306232,20.3320223,7,3.345887683,7.035597159,0.31385477,31.07277793
2018/8/21 12:15,0.024846354,7,20.16091602,0.024093333,0.024658106,0.191033988,0.011813104,9.390524309,0.326664686,0.024658106,20.11031235,7,3.384792365,6.662221781,0.300682226,31.34111113
2018/8/21 12:30,0.024910156,7,20.81967072,0.025674667,0.025025048,0.191429619,0.01192659,9.40728497,0.328940688,0.025025048,20.78712364,7,3.414779156,7.050225826,0.32099155,31.74555553
2018/8/21 12:45,0.025384115,7,20.34406345,0.025282667,0.025379299,0.192475211,0.012145288,9.495056267,0.330658367,0.025379299,20.42082516,7,3.438301587,6.912145381,0.316839125,31.92944447
2018/8/21 13:00,0.024782552,7,19.9087748,0.023602667,0.024673444,0.19114191,0.011832886,9.400856663,0.326660364,0.024673444,19.89943977,7,3.452311361,6.431725734,0.296055883,31.92999967
2018/8/21 13:15,0.023971354,7,19.82621332,0.022251,0.023888134,0.189361204,0.011444655,9.264110491,0.322243921,0.023888134,19.84657852,7,3.449576117,6.20749129,0.285494567,31.86111093
2018/8/21 13:30,0.022804688,7,20.42015723,0.021588,0.022814689,0.186543453,0.01086777,9.036765081,0.316139531,0.022814689,20.3315243,7,3.47315929,6.107804213,0.282853767,32.06666667
2018/8/21 13:45,0.022558594,7,21.18346048,0.022647333,0.02251542,0.185957162,0.010740295,8.994697414,0.314265968,0.02251542,21.16744308,7,3.476746132,6.401132547,0.296734813,32.15333333
2018/8/21 14:00,0.022558594,7,21.31422963,0.022833,0.022998868,0.185895089,0.010791423,8.957597047,0.318171608,0.022998868,21.30918693,7,3.465227969,6.62587374,0.306137769,32.1
2018/8/21 14:15,0.02253125,7,20.9941292,0.022363667,0.022800607,0.185279258,0.01067333,8.905867543,0.317049102,0.022800607,21.03801739,7,3.469828581,6.437035268,0.297795148,32.1
2018/8/21 14:30,0.022157552,7,20.28952139,0.021311,0.022175354,0.184111019,0.010420823,8.823837982,0.312902763,0.022175354,20.33864333,7,3.474591923,5.93956766,0.275169731,32.05722207
2018/8/21 14:45,0.021391927,7,19.8645578,0.01966,0.021370126,0.182029999,0.010017876,8.658840819,0.307803606,0.021370126,19.8659663,7,3.470694515,5.526827933,0.255762542,31.99666633
2018/8/21 15:00,0.02073112,7,21.41893671,0.021417667,0.020775362,0.180222663,0.009687857,8.50977458,0.304087682,0.020775362,21.24185033,7,3.457325669,5.974653217,0.275364438,31.92111093
2018/8/21 15:15,0.021574219,7,21.17412678,0.021635667,0.021528895,0.182537084,0.010110089,8.701315644,0.308782081,0.021528895,21.34216111,7,3.441039305,6.258181237,0.287114607,31.7994446
2018/8/21 15:30,0.02066276,7,21.038749,0.019442333,0.020651524,0.180098444,0.009655818,8.50436473,0.303094289,0.020651524,20.91117646,7,3.435362439,5.831846243,0.267115288,31.6872224
2018/8/21 15:45,0.020416667,7,21.38360367,0.019873,0.020605124,0.179388169,0.009550029,8.435381976,0.303278202,0.020605124,21.46080727,7,3.424536243,6.073119834,0.277290876,31.61333333
2018/8/21 16:00,0.019669271,7,20.95557863,0.018365667,0.019758372,0.177223817,0.00915346,8.26617901,0.297328852,0.019758372,20.93466075,7,3.417219506,5.620216425,0.256077871,31.50666667
2018/8/21 16:15,0.019108724,7,21.2261023,0.018355667,0.019030797,0.175601737,0.008852594,8.144543086,0.291756942,0.019030797,21.21648776,7,3.395690242,5.55837644,0.251667865,31.3105554
2018/8/21 16:30,0.018780599,7,21.39066423,0.018295333,0.018639497,0.17469751,0.008689459,8.075818491,0.288643339,0.018639497,21.38032676,7,3.368591504,5.550838972,0.249327662,31.06444427
2018/8/21 16:45,0.018602865,7,21.43197997,0.018278667,0.018333087,0.174313252,0.00860545,8.053813659,0.285898585,0.018333087,21.43841719,7,3.33379778,5.53939291,0.246254074,30.74833333
2018/8/21 17:00,0.018466146,7,21.43236029,0.018185,0.018295918,0.174136962,0.008578314,8.038490411,0.285681193,0.018295918,21.42485387,7,3.303114628,5.573779881,0.245493591,30.46611127
2018/8/21 17:15,0.018261068,7,21.31000406,0.017545333,0.018235821,0.173810947,0.008529248,8.009714382,0.285352385,0.018235821,21.32794434,7,3.273486119,5.568552659,0.243053888,30.1977778
2018/8/21 17:30,0.017746094,7,21.26761484,0.016794667,0.01786812,0.172217078,0.008283975,7.87348046,0.282999476,0.01786812,21.25597806,7,4.289287141,4.185237315,0.23695663,29.9127776
2018/8/21 17:45,0.016201172,7,15.00044487,0.008917333,0.015981023,0.167146113,0.007474815,7.480227513,0.266565335,0.015981023,15.8786564,7,4.395492619,2.305611082,0.135436906,29.54166667
2018/8/21 18:00,0,7.551716233,7.551716233,0,0.014535327,0,0,6.910663462,0.255881305,0,7.630532838,7.630532838,0,0,0,29.0494446
2018/8/21 18:15,0,7.630532838,7.630532838,0,0.014535327,0,0,6.910663462,0.255881305,0,7.551716233,7.551716233,0,0,0,28.65944447
2018/8/21 18:30,0,7.551716233,7.551716233,0,0.014535327,0,0,6.910663462,0.255881305,0,7.630532838,7.630532838,0,0,0,28.38388887
2018/8/21 18:45,0,7.630532838,7.630532838,0,0.014535327,0,0,6.910663462,0.255881305,0,7.551716233,7.551716233,0,0,0,28.14833367
2018/8/21 19:00,0,7.551716233,7.551716233,0,0.014535327,0,0,6.910663462,0.255881305,0,7.630532838,7.630532838,0,0,0,27.96388907
2018/8/21 19:15,0,7.630532838,7.630532838,0,0.014535327,0,0,6.910663462,0.255881305,0,7.551716233,7.551716233,0,0,0,27.7855554
2018/8/21 19:30,0,7.551716233,7.551716233,0,0.014535327,0,0,6.910663462,0.255881305,0,7.630532838,7.630532838,0,0,0,27.60166633
2018/8/21 19:45,0,7.630532838,7.630532838,0,0.014535327,0,0,6.910663462,0.255881305,0,7.551716233,7.551716233,0,0,0,27.4577776
2018/8/21 20:00,0,7.551716233,7.551716233,0,0.014535327,0,0,6.910663462,0.255881305,0,7.630532838,7.630532838,0,0,0,27.36111127
2018/8/21 20:15,0,7.630532838,7.630532838,0,0.014535327,0,0,6.910663462,0.255881305,0,7.551716233,7.551716233,0,0,0,27.27388907
2018/8/21 20:30,0,7.551716233,7.551716233,0,0.014535327,0,0,6.910663462,0.255881305,0,7.630532838,7.630532838,0,0,0,27.21722207
2018/8/21 20:45,0,7.630532838,7.630532838,0,0.014535327,0,0,6.910663462,0.255881305,0,7.551716233,7.551716233,0,0,0,27.16166633
2018/8/21 21:00,0,7.551716233,7.551716233,0,0.014535327,0,0,6.910663462,0.255881305,0,7.630532838,7.630532838,0,0,0,27.11999967
2018/8/21 21:15,0,7.630532838,7.630532838,0,0.014535327,0,0,6.910663462,0.255881305,0,7.551716233,7.551716233,0,0,0,27.12166633
2018/8/21 21:30,0,7.551716233,7.551716233,0,0.014535327,0,0,6.910663462,0.255881305,0,7.630532838,7.630532838,0,0,0,27.108333
2018/8/21 21:45,0,7.630532838,7.630532838,0,0.014535327,0,0,6.910663462,0.255881305,0,7.551716233,7.551716233,0,0,0,27.1122222
2018/8/21 22:00,0,7.551716233,7.551716233,0,0.014535327,0,0,6.910663462,0.255881305,0,7.630532838,7.630532838,0,0,0,27.1127778
2018/8/21 22:15,0,7.630532838,7.630532838,0,0.014535327,0,0,6.910663462,0.255881305,0,7.551716233,7.551716233,0,0,0,27.1122222
2018/8/21 22:30,0,7.551716233,7.551716233,0,0.014535327,0,0,6.910663462,0.255881305,0,7.630532838,7.630532838,0,0,0,27.116667
2018/8/21 22:45,0,7.630532838,7.630532838,0,0.014535327,0,0,6.910663462,0.255881305,0,7.551716233,7.551716233,0,0,0,27.116667
2018/8/21 23:00,0,7.551716233,7.551716233,0,0.014535327,0,0,6.910663462,0.255881305,0,7.630532838,7.630532838,0,0,0,27.116667
2018/8/21 23:15,0,7.630532838,7.630532838,0,0.014535327,0,0,6.910663462,0.255881305,0,7.551716233,7.551716233,0,0,0,27.10888907
2018/8/21 23:30,0,7.551716233,7.551716233,0,0.014535327,0,0,6.910663462,0.255881305,0,7.630532838,7.630532838,0,0,0,27.10388873
2018/8/21 23:45,0,7.630532838,7.630532838,0,0.014535327,0,0,6.910663462,0.255881305,0,7.551716233,7.551716233,0,0,0,27.11611093
2018/8/22 0:00,0,7.551716233,7.551716233,0,0.014535327,0,0,6.910663462,0.255881305,0,7.630532838,7.630532838,0,0,0,27.125
2018/8/22 0:15,0,7.630532838,7.630532838,0,0.014535327,0,0,6.910663462,0.255881305,0,7.551716233,7.551716233,0,0,0,27.11333333
2018/8/22 0:30,0,7.551716233,7.551716233,0,0.014535327,0,0,6.910663462,0.255881305,0,7.630532838,7.630532838,0,0,0,27.13111127
2018/8/22 0:45,0,7.630532838,7.630532838,0,0.014535327,0,0,6.910663462,0.255881305,0,7.551716233,7.551716233,0,0,0,27.1822224
2018/8/22 1:00,0,7.551716233,7.551716233,0,0.014535327,0,0,6.910663462,0.255881305,0,7.630532838,7.630532838,0,0,0,27.19222207
2018/8/22 1:15,0,7.630532838,7.630532838,0,0.014535327,0,0,6.910663462,0.255881305,0,7.551716233,7.551716233,0,0,0,27.19111093
2018/8/22 1:30,0,7.551716233,7.551716233,0,0.014535327,0,0,6.910663462,0.255881305,0,7.630532838,7.630532838,0,0,0,27.20388873
2018/8/22 1:45,0,7.630532838,7.630532838,0,0.014535327,0,0,6.910663462,0.255881305,0,7.551716233,7.551716233,0,0,0,27.208333
2018/8/22 2:00,0,7.551716233,7.551716233,0,0.014535327,0,0,6.910663462,0.255881305,0,7.630532838,7.630532838,0,0,0,27.20444427
2018/8/22 2:15,0,7.630532838,7.630532838,0,0.014535327,0,0,6.910663462,0.255881305,0,7.551716233,7.551716233,0,0,0,27.20777793
2018/8/22 2:30,0,7.551716233,7.551716233,0,0.014535327,0,0,6.910663462,0.255881305,0,7.630532838,7.630532838,0,0,0,27.22833367
2018/8/22 2:45,0,7.630532838,7.630532838,0,0.014535327,0,0,6.910663462,0.255881305,0,7.551716233,7.551716233,0,0,0,27.241667
2018/8/22 3:00,0,7.551716233,7.551716233,0,0.014535327,0,0,6.910663462,0.255881305,0,7.630532838,7.630532838,0,0,0,27.26500033
2018/8/22 3:15,0,7.630532838,7.630532838,0,0.014535327,0,0,6.910663462,0.255881305,0,7.551716233,7.551716233,0,0,0,27.291667
2018/8/22 3:30,0,7.551716233,7.551716233,0,0.014535327,0,0,6.910663462,0.255881305,0,7.630532838,7.630532838,0,0,0,27.2877778
2018/8/22 3:45,0,7.630532838,7.630532838,0,0.014535327,0,0,6.910663462,0.255881305,0,7.551716233,7.551716233,0,0,0,27.29111093
2018/8/22 4:00,0,7.551716233,7.551716233,0,0.014535327,0,0,6.910663462,0.255881305,0,7.630532838,7.630532838,0,0,0,27.3
2018/8/22 4:15,0,7.630532838,7.630532838,0,0.014535327,0,0,6.910663462,0.255881305,0,7.551716233,7.551716233,0,0,0,27.31166667
2018/8/22 4:30,0,7.551716233,7.551716233,0,0.014535327,0,0,6.910663462,0.255881305,0,7.630532838,7.630532838,0,0,0,27.31333333
2018/8/22 4:45,0,7.630532838,7.630532838,0,0.014535327,0,0,6.910663462,0.255881305,0,7.551716233,7.551716233,0,0,0,27.30388873
2018/8/22 5:00,0,7.551716233,7.551716233,0,0.014535327,0,0,6.910663462,0.255881305,0,7.630532838,7.630532838,0,0,0,27.31611093
2018/8/22 5:15,0,7.630532838,7.630532838,0,0.014535327,0,0,6.910663462,0.255881305,0,7.551716233,7.551716233,0,0,0,27.325
2018/8/22 5:30,0,7.551716233,7.551716233,0,0.014535327,0,0,6.910663462,0.255881305,0,7.630532838,7.630532838,0,0,0,27.32888873
2018/8/22 5:45,0,7.630532838,7.630532838,0,0.014535327,0,0,6.910663462,0.255881305,0,7.551716233,7.551716233,0,0,0,27.3527776
2018/8/22 6:00,0,7.551716233,7.551716233,0,0.014535327,0,0,6.910663462,0.255881305,0,7.630532838,7.630532838,0,0,0,27.38277793
2018/8/22 6:15,0,7.630532838,7.630532838,0,0.014535327,0,0,6.910663462,0.255881305,0,7.551716233,7.551716233,0,0,0,27.39555573
2018/8/22 6:30,0,7.551716233,7.551716233,0,0.014535327,0,0,6.910663462,0.255881305,0,7.630532838,7.630532838,0,0,0,27.4
2018/8/22 6:45,0,7.630532838,7.630532838,0,0.014535327,0,0,6.910663462,0.255881305,0,7.551716233,7.551716233,0,0,0,27.40777793
2018/8/22 7:00,0,7.551716233,7.551716233,0,0.014535327,0,0,6.910663462,0.255881305,0,7.630532838,7.630532838,0,0,0,27.43611113
2018/8/22 7:15,0,7.630532838,7.630532838,0,0.014535327,0,0,6.910663462,0.255881305,0,7.551716233,7.551716233,0,0,0,27.4777776
2018/8/22 7:30,0,7.551716233,7.551716233,0,0.014535327,0,0,6.910663462,0.255881305,0,7.630532838,7.630532838,0,0,0,27.5155554
2018/8/22 7:45,0,7.630532838,7.630532838,0,0.014535327,0,0,6.910663462,0.255881305,0,7.551716233,7.551716233,0,0,0,27.55666633
2018/8/22 8:00,0,7.551716233,7.551716233,0,0.014535327,0,0,6.910663462,0.255881305,0,7.630532838,7.630532838,0,0,0,27.59111093
2018/8/22 8:15,0,7.630532838,7.630532838,0,0.014535327,0,0,6.910663462,0.255881305,0,7.551716233,7.551716233,0,0,0,27.60388873
2018/8/22 8:30,0,7.551716233,7.551716233,0,0.014535327,0,0,6.910663462,0.255881305,0,7.630532838,7.630532838,0,0,0,27.63944427
2018/8/22 8:45,0,7.630532838,7.630532838,0.033798333,0.014535327,0,0,6.910663462,0.255881305,0,7.551716233,7.551716233,0,0,0,27.71388873
2018/8/22 9:00,0.032552734,7,21.94642137,0.083342667,0.032595239,0.205117735,0.016347007,10.27102045,0.344991257,0.032595239,21.05148113,7,3.99612826,8.427394,0.440822005,28.59055553
2018/8/22 9:15,0.069817708,7,18.20289697,0.095232,0.069730512,0.268296221,0.042708967,13.1700149,0.361655575,0.069730512,18.56583123,7,3.493425413,16.02665668,0.737838464,29.82944447
2018/8/22 9:30,0.085604167,7,15.53884381,0.094193667,0.08562555,0.293693217,0.059856293,13.61732994,0.324998131,0.08562555,15.60553414,7,2.785538703,18.44063617,0.684814037,30.4227776
2018/8/22 9:45,0.0905625,7,14.8226996,0.093588333,0.090582757,0.302298534,0.066674974,13.7826603,0.312117325,0.090582757,14.86288617,7,2.849419343,17.4378039,0.662429651,30.80666667
2018/8/22 10:00,0.092203125,7,14.40624947,0.093239667,0.092317536,0.305269315,0.069200542,13.82520714,0.307394338,0.092317536,14.42748967,7,2.909831302,16.44263652,0.637845737,31.10611127
2018/8/22 10:15,0.09296875,7,13.95724434,0.093033667,0.092560215,0.30637644,0.069863625,13.95102049,0.308056278,0.092560215,13.99402994,7,2.989476951,15.11071588,0.602179444,31.41944447
2018/8/22 10:30,0.09296875,7,13.7135757,0.092828,0.092780949,0.30674323,0.070188154,13.95426406,0.307433126,0.092780949,13.70771544,7,3.039947654,14.28282765,0.578927683,31.58999967
2018/8/22 10:45,0.09296875,7,13.67617921,0.092536333,0.092536235,0.306713435,0.069994388,14.01625169,0.308836968,0.092536235,13.69018349,7,3.074614801,14.049695,0.575898697,31.8777776
2018/8/22 11:00,0.092859375,7,13.58706453,0.092250333,0.092236736,0.306755875,0.069794517,14.10559895,0.310686717,0.092236736,13.5817332,7,3.124370411,13.5559959,0.564725004,32.19333333
2018/8/22 11:15,0.092020833,7,13.64211982,0.09205,0.092585186,0.306350407,0.069870818,13.93964363,0.30785356,0.092585186,13.64422228,7,3.135345786,13.68841054,0.572239363,32.405
2018/8/22 11:30,0.091875,7,13.43049041,0.091951667,0.092320948,0.30557716,0.069336479,13.87774016,0.307968884,0.092320948,13.45474314,7,3.174104413,13.09959928,0.554342745,32.51333333
2018/8/22 11:45,0.091875,7,13.20356204,0.091845333,0.09203992,0.305127227,0.068934181,13.8765062,0.308795422,0.09203992,13.20821769,7,3.223087798,12.36890852,0.531539491,32.64
2018/8/22 12:00,0.091875,7,13.14035822,0.091814,0.091857872,0.304927841,0.068714913,13.89158099,0.309503708,0.091857872,13.14562588,7,3.247428766,12.12809017,0.525139403,32.77277793
2018/8/22 12:15,0.091875,7,13.08753823,0.091804333,0.091793183,0.304913257,0.068661808,13.90665743,0.309860842,0.091793183,13.08916265,7,3.269894317,11.92586481,0.519947638,32.90500033
2018/8/22 12:30,0.091875,7,13.07890324,0.091691,0.091695676,0.30490876,0.068589671,13.93237973,0.310430373,0.091695676,13.07870114,7,3.292696887,11.81016206,0.518502837,33.09555573
2018/8/22 12:45,0.091875,7,13.09397866,0.091667333,0.091549797,0.304959357,0.068507312,13.98073917,0.311386112,0.091549797,13.09228182,7,3.307699881,11.76415473,0.518834487,33.24
2018/8/22 13:00,0.091875,7,13.10119605,0.091759333,0.09159033,0.305216888,0.06864934,14.01434374,0.3116268,0.09159033,13.1020294,7,3.329052907,11.71256457,0.519894703,33.4544446
2018/8/22 13:15,0.091875,7,13.13397259,0.091686,0.091601012,0.305416258,0.068744666,14.04599605,0.311933825,0.091601012,13.12858124,7,3.336991869,11.73687826,0.522217322,33.56333367
2018/8/22 13:30,0.091875,7,13.1735881,0.091541,0.091443445,0.305518758,0.06867774,14.10648248,0.313042884,0.091443445,13.17415542,7,3.328289087,11.83470418,0.525196512,33.5272224
2018/8/22 13:45,0.091875,7,13.17146014,0.091517667,0.091290139,0.305751536,0.068672215,14.1883589,0.314357179,0.091290139,13.17071821,7,3.326729077,11.81382719,0.524023859,33.495
2018/8/22 14:00,0.091875,7,13.09894217,0.091466333,0.091223063,0.306134014,0.068794706,14.27290132,0.315435181,0.091223063,13.10947942,7,3.334741311,11.65996431,0.518443961,33.4855554
2018/8/22 14:15,0.091875,7,13.02932081,0.091334667,0.091038967,0.306511261,0.068834171,14.38816695,0.317158679,0.091038967,13.02725174,7,3.328735675,11.50051553,0.510431769,33.30944427
2018/8/22 14:30,0.091583333,7,13.07939384,0.091281333,0.091185373,0.306933265,0.069125483,14.42202597,0.317075201,0.091185373,13.07590521,7,3.310806987,11.67507983,0.515384654,33.21722207
2018/8/22 14:45,0.091328125,7,13.11371028,0.091234333,0.091297525,0.30687272,0.06917604,14.38127709,0.316336693,0.091297525,13.11232362,7,3.295911326,11.81242746,0.519106766,33.13444427
2018/8/22 15:00,0.090927083,7,13.12725302,0.091067333,0.091531513,0.306583329,0.069212518,14.26749982,0.314470566,0.091531513,13.12801551,7,3.275037877,11.94885929,0.521774539,32.98
2018/8/22 15:15,0.09078125,7,13.08668512,0.090931,0.091330444,0.305786528,0.068716175,14.18353012,0.314188478,0.091330444,13.08985108,7,3.257952074,11.91037636,0.517385891,32.75611127
2018/8/22 15:30,0.09078125,7,13.03789366,0.090950333,0.091175789,0.305312791,0.068397808,14.14317292,0.314219383,0.091175789,13.04126093,7,3.243570403,11.84763909,0.512387976,32.54888907
2018/8/22 15:45,0.09078125,7,12.91597977,0.090924,0.091112357,0.304994933,0.068213099,14.10524266,0.314006634,0.091112357,12.92885132,7,3.248908999,11.60022304,0.502504804,32.45333333
2018/8/22 16:00,0.09078125,7,12.75107387,0.090930333,0.091067028,0.304731855,0.06806552,14.07194933,0.313788448,0.091067028,12.75951206,7,3.261151836,11.2208374,0.487908528,32.35333333
2018/8/22 16:15,0.09078125,7,12.692379,0.090934667,0.091079089,0.304531593,0.067986058,14.03406893,0.313351027,0.091079089,12.69213187,7,3.25408762,11.11512946,0.482264345,32.20666667
2018/8/22 16:30,0.09078125,7,12.73445305,0.090904667,0.091044695,0.304295583,0.067858426,14.0025665,0.313117426,0.091044695,12.72968461,7,3.227617588,11.27609969,0.485262506,32.00666667
2018/8/22 16:45,0.09078125,7,12.76094885,0.090875,0.091011189,0.304087755,0.067743929,13.97571661,0.312930044,0.091011189,12.76246502,7,3.206876707,11.40955418,0.487859466,31.85333333
2018/8/22 17:00,0.09078125,7,12.70859017,0.090811667,0.09092916,0.303874901,0.067593314,13.96109293,0.313016819,0.09092916,12.71358622,7,3.199316498,11.32927543,0.483285759,31.71833333
2018/8/22 17:15,0.09078125,7,12.68494477,0.090701,0.090804682,0.303697921,0.06742891,13.9640759,0.313417484,0.090804682,12.68288637,7,3.18277283,11.31157689,0.480029896,31.52
2018/8/22 17:30,0.09078125,7,12.75064912,0.090642333,0.090626866,0.303590427,0.067258078,13.99332904,0.314255064,0.090626866,12.74446619,7,3.147896479,11.5384743,0.484281072,31.26
2018/8/22 17:45,0.08115625,7,10.68767344,0.055449333,0.081317394,0.287783218,0.055623731,13.65863803,0.336784681,0.081317394,10.97869753,7,3.270597383,7.178283031,0.310476183,30.91722207
2018/8/22 18:00,0,7.667506382,7.667506382,0.008096,0.06458623,0,0,13.25251533,0.374890965,0,7.762864436,7.762864436,0,0,0,30.358333
2018/8/22 18:15,0,7.762864436,7.762864436,0,0.06458623,0,0,13.25251533,0.374890965,0,7.667506382,7.667506382,0,0,0,29.70166633
2018/8/22 18:30,0,7.667506382,7.667506382,0,0.06458623,0,0,13.25251533,0.374890965,0,7.762864436,7.762864436,0,0,0,29.2177776
2018/8/22 18:45,0,7.762864436,7.762864436,0,0.06458623,0,0,13.25251533,0.374890965,0,7.667506382,7.667506382,0,0,0,28.82111127
2018/8/22 19:00,0,7.667506382,7.667506382,0,0.06458623,0,0,13.25251533,0.374890965,0,7.762864436,7.762864436,0,0,0,28.51555573
2018/8/22 19:15,0,7.762864436,7.762864436,0,0.06458623,0,0,13.25251533,0.374890965,0,7.667506382,7.667506382,0,0,0,28.30666667
2018/8/22 19:30,0,7.667506382,7.667506382,0,0.06458623,0,0,13.25251533,0.374890965,0,7.762864436,7.762864436,0,0,0,28.10666667
2018/8/22 19:45,0,7.762864436,7.762864436,0,0.06458623,0,0,13.25251533,0.374890965,0,7.667506382,7.667506382,0,0,0,27.9494446
2018/8/22 20:00,0,7.667506382,7.667506382,0,0.06458623,0,0,13.25251533,0.374890965,0,7.762864436,7.762864436,0,0,0,27.8177778
2018/8/22 20:15,0,7.762864436,7.762864436,0,0.06458623,0,0,13.25251533,0.374890965,0,7.667506382,7.667506382,0,0,0,27.67499967
2018/8/22 20:30,0,7.667506382,7.667506382,0,0.06458623,0,0,13.25251533,0.374890965,0,7.762864436,7.762864436,0,0,0,27.55388887
2018/8/22 20:45,0,7.762864436,7.762864436,0,0.06458623,0,0,13.25251533,0.374890965,0,7.667506382,7.667506382,0,0,0,27.44888907
2018/8/22 21:00,0,7.667506382,7.667506382,0,0.06458623,0,0,13.25251533,0.374890965,0,7.762864436,7.762864436,0,0,0,27.39222207
2018/8/22 21:15,0,7.762864436,7.762864436,0,0.06458623,0,0,13.25251533,0.374890965,0,7.667506382,7.667506382,0,0,0,27.34444427
2018/8/22 21:30,0,7.667506382,7.667506382,0,0.06458623,0,0,13.25251533,0.374890965,0,7.762864436,7.762864436,0,0,0,27.29611127
2018/8/22 21:45,0,7.762864436,7.762864436,0,0.06458623,0,0,13.25251533,0.374890965,0,7.667506382,7.667506382,0,0,0,27.27611113
2018/8/22 22:00,0,7.667506382,7.667506382,0,0.06458623,0,0,13.25251533,0.374890965,0,7.762864436,7.762864436,0,0,0,27.223333
2018/8/22 22:15,0,7.762864436,7.762864436,0,0.06458623,0,0,13.25251533,0.374890965,0,7.667506382,7.667506382,0,0,0,27.19111093
2018/8/22 22:30,0,7.667506382,7.667506382,0,0.06458623,0,0,13.25251533,0.374890965,0,7.762864436,7.762864436,0,0,0,27.165
2018/8/22 22:45,0,7.762864436,7.762864436,0,0.06458623,0,0,13.25251533,0.374890965,0,7.667506382,7.667506382,0,0,0,27.15222207
2018/8/22 23:00,0,7.667506382,7.667506382,0,0.06458623,0,0,13.25251533,0.374890965,0,7.762864436,7.762864436,0,0,0,27.17555553
2018/8/22 23:15,0,7.762864436,7.762864436,0,0.06458623,0,0,13.25251533,0.374890965,0,7.667506382,7.667506382,0,0,0,27.17833367
2018/8/22 23:30,0,7.667506382,7.667506382,0,0.06458623,0,0,13.25251533,0.374890965,0,7.762864436,7.762864436,0,0,0,27.21888907
2018/8/22 23:45,0,7.762864436,7.762864436,0,0.06458623,0,0,13.25251533,0.374890965,0,7.667506382,7.667506382,0,0,0,27.26166667
2018/8/23 0:00,0,7.667506382,7.667506382,0,0.06458623,0,0,13.25251533,0.374890965,0,7.762864436,7.762864436,0,0,0,27.24777793
2018/8/23 0:15,0,7.762864436,7.762864436,0,0.06458623,0,0,13.25251533,0.374890965,0,7.667506382,7.667506382,0,0,0,27.20888907
2018/8/23 0:30,0,7.667506382,7.667506382,0,0.06458623,0,0,13.25251533,0.374890965,0,7.762864436,7.762864436,0,0,0,27.20388873
2018/8/23 0:45,0,7.762864436,7.762864436,0,0.06458623,0,0,13.25251533,0.374890965,0,7.667506382,7.667506382,0,0,0,27.208333
2018/8/23 1:00,0,7.667506382,7.667506382,0,0.06458623,0,0,13.25251533,0.374890965,0,7.762864436,7.762864436,0,0,0,27.2472222
2018/8/23 1:15,0,7.762864436,7.762864436,0,0.06458623,0,0,13.25251533,0.374890965,0,7.667506382,7.667506382,0,0,0,27.29555573
2018/8/23 1:30,0,7.667506382,7.667506382,0,0.06458623,0,0,13.25251533,0.374890965,0,7.762864436,7.762864436,0,0,0,27.3194446
2018/8/23 1:45,0,7.762864436,7.762864436,0,0.06458623,0,0,13.25251533,0.374890965,0,7.667506382,7.667506382,0,0,0,27.34944447
2018/8/23 2:00,0,7.667506382,7.667506382,0,0.06458623,0,0,13.25251533,0.374890965,0,7.762864436,7.762864436,0,0,0,27.35055553
2018/8/23 2:15,0,7.762864436,7.762864436,0,0.06458623,0,0,13.25251533,0.374890965,0,7.667506382,7.667506382,0,0,0,27.36500033
2018/8/23 2:30,0,7.667506382,7.667506382,0,0.06458623,0,0,13.25251533,0.374890965,0,7.762864436,7.762864436,0,0,0,27.39555573
2018/8/23 2:45,0,7.762864436,7.762864436,0,0.06458623,0,0,13.25251533,0.374890965,0,7.667506382,7.667506382,0,0,0,27.40388873
2018/8/23 3:00,0,7.667506382,7.667506382,0,0.06458623,0,0,13.25251533,0.374890965,0,7.762864436,7.762864436,0,0,0,27.40444427
2018/8/23 3:15,0,7.762864436,7.762864436,0,0.06458623,0,0,13.25251533,0.374890965,0,7.667506382,7.667506382,0,0,0,27.4
2018/8/23 3:30,0,7.667506382,7.667506382,0,0.06458623,0,0,13.25251533,0.374890965,0,7.762864436,7.762864436,0,0,0,27.41166667
2018/8/23 3:45,0,7.762864436,7.762864436,0,0.06458623,0,0,13.25251533,0.374890965,0,7.667506382,7.667506382,0,0,0,27.42888873
2018/8/23 4:00,0,7.667506382,7.667506382,0,0.06458623,0,0,13.25251533,0.374890965,0,7.762864436,7.762864436,0,0,0,27.46444427
2018/8/23 4:15,0,7.762864436,7.762864436,0,0.06458623,0,0,13.25251533,0.374890965,0,7.667506382,7.667506382,0,0,0,27.47277793
2018/8/23 4:30,0,7.667506382,7.667506382,0,0.06458623,0,0,13.25251533,0.374890965,0,7.762864436,7.762864436,0,0,0,27.43000033
2018/8/23 4:45,0,7.762864436,7.762864436,0,0.06458623,0,0,13.25251533,0.374890965,0,7.667506382,7.667506382,0,0,0,27.4322224
2018/8/23 5:00,0,7.667506382,7.667506382,0,0.06458623,0,0,13.25251533,0.374890965,0,7.762864436,7.762864436,0,0,0,27.45777793
2018/8/23 5:15,0,7.762864436,7.762864436,0,0.06458623,0,0,13.25251533,0.374890965,0,7.667506382,7.667506382,0,0,0,27.45111113
2018/8/23 5:30,0,7.667506382,7.667506382,0,0.06458623,0,0,13.25251533,0.374890965,0,7.762864436,7.762864436,0,0,0,27.46055553
2018/8/23 5:45,0,7.762864436,7.762864436,0,0.06458623,0,0,13.25251533,0.374890965,0,7.667506382,7.667506382,0,0,0,27.47611113
2018/8/23 6:00,0,7.667506382,7.667506382,0,0.06458623,0,0,13.25251533,0.374890965,0,7.762864436,7.762864436,0,0,0,27.4777776
2018/8/23 6:15,0,7.762864436,7.762864436,0,0.06458623,0,0,13.25251533,0.374890965,0,7.667506382,7.667506382,0,0,0,27.4805554
2018/8/23 6:30,0,7.667506382,7.667506382,0,0.06458623,0,0,13.25251533,0.374890965,0,7.762864436,7.762864436,0,0,0,27.5127776
2018/8/23 6:45,0,7.762864436,7.762864436,0,0.06458623,0,0,13.25251533,0.374890965,0,7.667506382,7.667506382,0,0,0,27.58666667
2018/8/23 7:00,0,7.667506382,7.667506382,0,0.06458623,0,0,13.25251533,0.374890965,0,7.762864436,7.762864436,0,0,0,27.59611127
2018/8/23 7:15,0,7.762864436,7.762864436,0,0.06458623,0,0,13.25251533,0.374890965,0,7.667506382,7.667506382,0,0,0,27.63833367
2018/8/23 7:30,0,7.667506382,7.667506382,0,0.06458623,0,0,13.25251533,0.374890965,0,7.762864436,7.762864436,0,0,0,27.69555573
2018/8/23 7:45,0,7.762864436,7.762864436,0,0.06458623,0,0,13.25251533,0.374890965,0,7.667506382,7.667506382,0,0,0,27.74666667
2018/8/23 8:00,0,7.667506382,7.667506382,0,0.06458623,0,0,13.25251533,0.374890965,0,7.762864436,7.762864436,0,0,0,27.81166667
2018/8/23 8:15,0,7.762864436,7.762864436,0,0.06458623,0,0,13.25251533,0.374890965,0,7.667506382,7.667506382,0,0,0,27.86
2018/8/23 8:30,0,7.667506382,7.667506382,0,0.06458623,0,0,13.25251533,0.374890965,0,7.762864436,7.762864436,0,0,0,27.90777793
2018/8/23 8:45,0,7.762864436,7.762864436,0.036080333,0.06458623,0,0,13.25251533,0.374890965,0,7.667506382,7.667506382,0,0,0,28.04111113
2018/8/23 9:00,0.070984375,7,14.1171076,0.082660667,0.070947933,0.271196265,0.043832001,13.40234052,0.362177449,0.070947933,13.53453544,7,4.059033275,8.227992415,0.438137017,28.988333
2018/8/23 9:15,0.080828125,7,16.70067567,0.088714,0.080823237,0.286930336,0.054367802,13.68551721,0.339349018,0.080823237,16.7814624,7,3.039153835,18.47648893,0.73453314,30.048333
2018/8/23 9:30,0.085494792,7,15.65124649,0.088573,0.085502715,0.294706276,0.060154023,13.820401,0.327449081,0.085502715,15.68174903,7,2.770467627,18.691096,0.69041914,30.3327776
2018/8/23 9:45,0.087317708,7,15.29889446,0.088468667,0.087384415,0.297842821,0.062631967,13.86669259,0.322455074,0.087384415,15.32036914,7,2.805583679,18.080118,0.676314983,30.5294446
2018/8/23 10:00,0.087973958,7,15.08269845,0.088438333,0.088082902,0.298793981,0.063482567,13.84644878,0.320199474,0.088082902,15.09520436,7,2.836520923,17.53946807,0.663311888,30.68888907
2018/8/23 10:15,0.08859375,7,14.88711047,0.088418,0.087926094,0.299563668,0.063710716,14.01805793,0.322435539,0.087926094,14.90047363,7,2.893053221,16.75328073,0.646187778,31.045
2018/8/23 10:30,0.08859375,7,14.52248932,0.088400667,0.088135733,0.300139218,0.064093247,14.06136318,0.322267096,0.088135733,14.55715512,7,2.980059884,15.5980857,0.619582608,31.55833333
2018/8/23 10:45,0.08859375,7,14.2262049,0.088350333,0.08815748,0.3004817,0.064255249,14.11404557,0.322738375,0.08815748,14.22956402,7,3.023774573,14.70531634,0.592874634,31.62666667
2018/8/23 11:00,0.08859375,7,14.22778112,0.088281667,0.088072327,0.300775878,0.06432805,14.186428,0.323713276,0.088072327,14.22655371,7,3.04020143,14.60632284,0.592055095,31.77333333
2018/8/23 11:15,0.08859375,7,14.20125267,0.088173333,0.087937573,0.301109851,0.064387145,14.27854068,0.325017835,0.087937573,14.20617753,7,3.053476178,14.4790336,0.589483751,31.8655554
2018/8/23 11:30,0.08859375,7,14.18163555,0.088082333,0.087725314,0.301532319,0.064436884,14.40592415,0.32687311,0.087725314,14.1788754,7,3.039565801,14.45511536,0.585831092,31.68166633
2018/8/23 11:45,0.088484375,7,14.23592774,0.088075667,0.087745448,0.302155895,0.064723569,14.50738864,0.327793795,0.087745448,14.2302295,7,3.054560249,14.49059182,0.590162318,31.88499967
2018/8/23 12:00,0.088046875,7,14.25095251,0.088072,0.088175595,0.302288349,0.065054331,14.41824172,0.325711637,0.088175595,14.25640316,7,3.078525456,14.50156163,0.595198349,32.18499967
2018/8/23 12:15,0.088046875,7,14.25445823,0.088047333,0.08811297,0.30218948,0.064970913,14.41762147,0.325884174,0.08811297,14.24796021,7,3.106400897,14.34357693,0.594082443,32.4377776
2018/8/23 12:30,0.088046875,7,14.3085092,0.088089333,0.088071086,0.302147502,0.064925764,14.42134219,0.326039881,0.088071086,14.30869533,7,3.103417707,14.47061098,0.598776449,32.475
2018/8/23 12:45,0.088046875,7,14.29962111,0.088096,0.088140037,0.302165128,0.064977519,14.40638942,0.325697195,0.088140037,14.30007869,7,3.119664153,14.38934762,0.59853881,32.62833333
2018/8/23 13:00,0.088046875,7,14.3013566,0.088016333,0.088049449,0.302064145,0.064875407,14.41269287,0.326017148,0.088049449,14.30068689,7,3.109309614,14.42364445,0.597973388,32.5205554
2018/8/23 13:15,0.088046875,7,14.34992385,0.088032667,0.088014513,0.302061983,0.064852197,14.42142263,0.326201871,0.088014513,14.34419707,7,3.084360498,14.62153405,0.601298451,32.32611093
2018/8/23 13:30,0.088046875,7,14.36222863,0.087967,0.087974542,0.302066907,0.064828934,14.43267113,0.326425145,0.087974542,14.36667034,7,3.05841334,14.78358351,0.602865207,32.09722207
2018/8/23 13:45,0.087755208,7,14.33825443,0.087906667,0.088189752,0.30195211,0.064917028,14.35678582,0.325058419,0.088189752,14.33646204,7,3.055071448,14.77532234,0.601865505,32.05111093
2018/8/23 14:00,0.0875,7,14.34085441,0.087882667,0.088375982,0.301254095,0.064731361,14.18883147,0.322860387,0.088375982,14.34237676,7,3.081772055,14.69038658,0.603618596,32.33333333
2018/8/23 14:15,0.0875,7,14.36677556,0.087786333,0.08823091,0.300504689,0.064312578,14.09880485,0.322371072,0.08823091,14.36175809,7,3.074724741,14.7392718,0.604217191,32.27333333
2018/8/23 14:30,0.0875,7,14.2594242,0.087783333,0.088102098,0.299897545,0.063967384,14.02899763,0.322034831,0.088102098,14.27922511,7,3.020281009,14.81370274,0.596572764,31.64333333
2018/8/23 14:45,0.0875,7,14.0146277,0.087829,0.0881269,0.299444724,0.06378867,13.94553223,0.321106016,0.0881269,14.02566002,7,3.021141184,14.29817534,0.57595293,31.3694446
2018/8/23 15:00,0.0875,7,13.931823,0.087847,0.088140641,0.298978544,0.063597887,13.86279741,0.320208399,0.088140641,13.93258665,7,3.028675544,14.07561231,0.568411735,31.3372224
2018/8/23 15:15,0.0875,7,13.92581408,0.087827333,0.088174119,0.298498807,0.063414962,13.77273807,0.319167166,0.088174119,13.92653114,7,3.004509757,14.18194457,0.568130997,31.10388873
2018/8/23 15:30,0.0875,7,13.87472931,0.087773333,0.088091128,0.297955803,0.063130405,13.70249513,0.318670511,0.088091128,13.88077834,7,2.985166984,14.16607687,0.563847403,30.86166633
2018/8/23 15:45,0.0875,7,13.73656014,0.087839667,0.088097177,0.297518956,0.062949482,13.62710505,0.317849689,0.088097177,13.74855604,7,3.020823496,13.73225757,0.553049086,31.04944427
2018/8/23 16:00,0.0875,7,13.67876937,0.087864,0.08816327,0.297108464,0.06281954,13.54059962,0.316722687,0.08816327,13.67408111,7,3.065515911,13.39131308,0.547357235,31.39111127
2018/8/23 16:15,0.0875,7,13.7188881,0.087746667,0.088114572,0.296579246,0.062565572,13.46415492,0.316038744,0.088114572,13.71944734,7,3.035394247,13.60909744,0.550773392,31.15555573
2018/8/23 16:30,0.0875,7,13.719473,0.087754333,0.08798634,0.296077102,0.062271823,13.41313847,0.315865829,0.08798634,13.7183738,7,2.988220837,13.80124207,0.549883858,30.69888873
2018/8/23 16:45,0.0875,7,13.751115,0.087861667,0.088087078,0.295773662,0.062211243,13.33591196,0.314712787,0.088087078,13.74814672,7,2.969836576,13.96412376,0.552953353,30.5677776
2018/8/23 17:00,0.0875,7,13.7796795,0.087783667,0.088095243,0.29534604,0.062039031,13.26205219,0.313867853,0.088095243,13.77896186,7,2.951862814,14.11466603,0.555529526,30.43333333
2018/8/23 17:15,0.0875,7,13.76528817,0.087734333,0.08800854,0.294867004,0.061783884,13.20442513,0.313485751,0.08800854,13.76775514,7,2.924993522,14.20671034,0.554065546,30.16
2018/8/23 17:30,0.0875,7,13.69560266,0.087777667,0.087989873,0.294500232,0.061620386,13.14794357,0.312906534,0.087989873,13.70221173,7,3.949508566,10.48754264,0.54858278,29.90666667
2018/8/23 17:45,0.078385417,7,11.10021341,0.052206,0.078209946,0.278478421,0.050357117,12.89693347,0.338048693,0.078209946,11.450447,7,4.278482024,5.958280417,0.3352101,29.66
2018/8/23 18:00,0,7.650473569,7.650473569,0.006138667,0.061472719,0,0,12.46949018,0.375938087,0,7.743398364,7.743398364,0,0,0,28.93611127
2018/8/23 18:15,0,7.743398364,7.743398364,0,0.061472719,0,0,12.46949018,0.375938087,0,7.650473569,7.650473569,0,0,0,27.87555573
2018/8/23 18:30,0,7.650473569,7.650473569,0,0.061472719,0,0,12.46949018,0.375938087,0,7.743398364,7.743398364,0,0,0,27.07333333
2018/8/23 18:45,0,7.743398364,7.743398364,0,0.061472719,0,0,12.46949018,0.375938087,0,7.650473569,7.650473569,0,0,0,26.58722207
2018/8/23 19:00,0,7.650473569,7.650473569,0,0.061472719,0,0,12.46949018,0.375938087,0,7.743398364,7.743398364,0,0,0,26.32999967
2018/8/23 19:15,0,7.743398364,7.743398364,0,0.061472719,0,0,12.46949018,0.375938087,0,7.650473569,7.650473569,0,0,0,26.14055553
2018/8/23 19:30,0,7.650473569,7.650473569,0,0.061472719,0,0,12.46949018,0.375938087,0,7.743398364,7.743398364,0,0,0,26.06444447
2018/8/23 19:45,0,7.743398364,7.743398364,0,0.061472719,0,0,12.46949018,0.375938087,0,7.650473569,7.650473569,0,0,0,26.06055553
2018/8/23 20:00,0,7.650473569,7.650473569,0,0.061472719,0,0,12.46949018,0.375938087,0,7.743398364,7.743398364,0,0,0,26.1422224
2018/8/23 20:15,0,7.743398364,7.743398364,0,0.061472719,0,0,12.46949018,0.375938087,0,7.650473569,7.650473569,0,0,0,26.2194446
2018/8/23 20:30,0,7.650473569,7.650473569,0,0.061472719,0,0,12.46949018,0.375938087,0,7.743398364,7.743398364,0,0,0,26.30388907
2018/8/23 20:45,0,7.743398364,7.743398364,0,0.061472719,0,0,12.46949018,0.375938087,0,7.650473569,7.650473569,0,0,0,26.4294446
2018/8/23 21:00,0,7.650473569,7.650473569,0,0.061472719,0,0,12.46949018,0.375938087,0,7.743398364,7.743398364,0,0,0,26.53055573
2018/8/23 21:15,0,7.743398364,7.743398364,0,0.061472719,0,0,12.46949018,0.375938087,0,7.650473569,7.650473569,0,0,0,26.60611127
2018/8/23 21:30,0,7.650473569,7.650473569,0,0.061472719,0,0,12.46949018,0.375938087,0,7.743398364,7.743398364,0,0,0,26.6727778
2018/8/23 21:45,0,7.743398364,7.743398364,0,0.061472719,0,0,12.46949018,0.375938087,0,7.650473569,7.650473569,0,0,0,26.75111093
2018/8/23 22:00,0,7.650473569,7.650473569,0,0.061472719,0,0,12.46949018,0.375938087,0,7.743398364,7.743398364,0,0,0,26.84277793
2018/8/23 22:15,0,7.743398364,7.743398364,0,0.061472719,0,0,12.46949018,0.375938087,0,7.650473569,7.650473569,0,0,0,26.9072224
2018/8/23 22:30,0,7.650473569,7.650473569,0,0.061472719,0,0,12.46949018,0.375938087,0,7.743398364,7.743398364,0,0,0,26.96
2018/8/23 22:45,0,7.743398364,7.743398364,0,0.061472719,0,0,12.46949018,0.375938087,0,7.650473569,7.650473569,0,0,0,27.02333333
2018/8/23 23:00,0,7.650473569,7.650473569,0,0.061472719,0,0,12.46949018,0.375938087,0,7.743398364,7.743398364,0,0,0,27.07333333
2018/8/23 23:15,0,7.743398364,7.743398364,0,0.061472719,0,0,12.46949018,0.375938087,0,7.650473569,7.650473569,0,0,0,27.10388873
2018/8/23 23:30,0,7.650473569,7.650473569,0,0.061472719,0,0,12.46949018,0.375938087,0,7.743398364,7.743398364,0,0,0,27.13166633
2018/8/23 23:45,0,7.743398364,7.743398364,0,0.061472719,0,0,12.46949018,0.375938087,0,7.650473569,7.650473569,0,0,0,27.18166633
2018/8/24 0:00,0,7.650473569,7.650473569,0,0.061472719,0,0,12.46949018,0.375938087,0,7.743398364,7.743398364,0,0,0,27.22388887
2018/8/24 0:15,0,7.743398364,7.743398364,0,0.061472719,0,0,12.46949018,0.375938087,0,7.650473569,7.650473569,0,0,0,27.2727778
2018/8/24 0:30,0,7.650473569,7.650473569,0,0.061472719,0,0,12.46949018,0.375938087,0,7.743398364,7.743398364,0,0,0,27.3122222
2018/8/24 0:45,0,7.743398364,7.743398364,0,0.061472719,0,0,12.46949018,0.375938087,0,7.650473569,7.650473569,0,0,0,27.34000033
2018/8/24 1:00,0,7.650473569,7.650473569,0,0.061472719,0,0,12.46949018,0.375938087,0,7.743398364,7.743398364,0,0,0,27.3822224
2018/8/24 1:15,0,7.743398364,7.743398364,0,0.061472719,0,0,12.46949018,0.375938087,0,7.650473569,7.650473569,0,0,0,27.4
2018/8/24 1:30,0,7.650473569,7.650473569,0,0.061472719,0,0,12.46949018,0.375938087,0,7.743398364,7.743398364,0,0,0,27.4
2018/8/24 1:45,0,7.743398364,7.743398364,0,0.061472719,0,0,12.46949018,0.375938087,0,7.650473569,7.650473569,0,0,0,27.40388873
2018/8/24 2:00,0,7.650473569,7.650473569,0,0.061472719,0,0,12.46949018,0.375938087,0,7.743398364,7.743398364,0,0,0,27.4122222
2018/8/24 2:15,0,7.743398364,7.743398364,0,0.061472719,0,0,12.46949018,0.375938087,0,7.650473569,7.650473569,0,0,0,27.4477778
2018/8/24 2:30,0,7.650473569,7.650473569,0,0.061472719,0,0,12.46949018,0.375938087,0,7.743398364,7.743398364,0,0,0,27.49111093
2018/8/24 2:45,0,7.743398364,7.743398364,0,0.061472719,0,0,12.46949018,0.375938087,0,7.650473569,7.650473569,0,0,0,27.50388873
2018/8/24 3:00,0,7.650473569,7.650473569,0,0.061472719,0,0,12.46949018,0.375938087,0,7.743398364,7.743398364,0,0,0,27.52388887
2018/8/24 3:15,0,7.743398364,7.743398364,0,0.061472719,0,0,12.46949018,0.375938087,0,7.650473569,7.650473569,0,0,0,27.55333367
2018/8/24 3:30,0,7.650473569,7.650473569,0,0.061472719,0,0,12.46949018,0.375938087,0,7.743398364,7.743398364,0,0,0,27.57833367
2018/8/24 3:45,0,7.743398364,7.743398364,0,0.061472719,0,0,12.46949018,0.375938087,0,7.650473569,7.650473569,0,0,0,27.59555573
2018/8/24 4:00,0,7.650473569,7.650473569,0,0.061472719,0,0,12.46949018,0.375938087,0,7.743398364,7.743398364,0,0,0,27.6
2018/8/24 4:15,0,7.743398364,7.743398364,0,0.061472719,0,0,12.46949018,0.375938087,0,7.650473569,7.650473569,0,0,0,27.6
2018/8/24 4:30,0,7.650473569,7.650473569,0,0.061472719,0,0,12.46949018,0.375938087,0,7.743398364,7.743398364,0,0,0,27.6
2018/8/24 4:45,0,7.743398364,7.743398364,0,0.061472719,0,0,12.46949018,0.375938087,0,7.650473569,7.650473569,0,0,0,27.6
2018/8/24 5:00,0,7.650473569,7.650473569,0,0.061472719,0,0,12.46949018,0.375938087,0,7.743398364,7.743398364,0,0,0,27.635
2018/8/24 5:15,0,7.743398364,7.743398364,0,0.061472719,0,0,12.46949018,0.375938087,0,7.650473569,7.650473569,0,0,0,27.68277793
2018/8/24 5:30,0,7.650473569,7.650473569,0,0.061472719,0,0,12.46949018,0.375938087,0,7.743398364,7.743398364,0,0,0,27.69555573
2018/8/24 5:45,0,7.743398364,7.743398364,0,0.061472719,0,0,12.46949018,0.375938087,0,7.650473569,7.650473569,0,0,0,27.7
2018/8/24 6:00,0,7.650473569,7.650473569,0,0.061472719,0,0,12.46949018,0.375938087,0,7.743398364,7.743398364,0,0,0,27.70388873
2018/8/24 6:15,0,7.743398364,7.743398364,0,0.061472719,0,0,12.46949018,0.375938087,0,7.650473569,7.650473569,0,0,0,27.743333
2018/8/24 6:30,0,7.650473569,7.650473569,0,0.061472719,0,0,12.46949018,0.375938087,0,7.743398364,7.743398364,0,0,0,27.79111093
2018/8/24 6:45,0,7.743398364,7.743398364,0,0.061472719,0,0,12.46949018,0.375938087,0,7.650473569,7.650473569,0,0,0,27.8
2018/8/24 7:00,0,7.650473569,7.650473569,0,0.061472719,0,0,12.46949018,0.375938087,0,7.743398364,7.743398364,0,0,0,27.8
2018/8/24 7:15,0,7.743398364,7.743398364,0,0.061472719,0,0,12.46949018,0.375938087,0,7.650473569,7.650473569,0,0,0,27.81166667
2018/8/24 7:30,0,7.650473569,7.650473569,0,0.061472719,0,0,12.46949018,0.375938087,0,7.743398364,7.743398364,0,0,0,27.8444446
2018/8/24 7:45,0,7.743398364,7.743398364,0,0.061472719,0,0,12.46949018,0.375938087,0,7.650473569,7.650473569,0,0,0,27.84333367
2018/8/24 8:00,0,7.650473569,7.650473569,0,0.061472719,0,0,12.46949018,0.375938087,0,7.743398364,7.743398364,0,0,0,27.80888907
2018/8/24 8:15,0,7.743398364,7.743398364,0,0.061472719,0,0,12.46949018,0.375938087,0,7.650473569,7.650473569,0,0,0,27.8
2018/8/24 8:30,0,7.650473569,7.650473569,0,0.061472719,0,0,12.46949018,0.375938087,0,7.743398364,7.743398364,0,0,0,27.82333333
2018/8/24 8:45,0,7.743398364,7.743398364,0.037387,0.061472719,0,0,12.46949018,0.375938087,0,7.650473569,7.650473569,0,0,0,27.87333333
2018/8/24 9:00,0.069927083,7,14.62381001,0.084028,0.069778354,0.265008352,0.041215671,12.70108361,0.359368473,0.069778354,14.00033605,7,3.911147265,9.087187681,0.463000168,28.04
2018/8/24 9:15,0.080463542,7,17.12540238,0.088516333,0.080496809,0.282502095,0.052448345,13.04865478,0.334081125,0.080496809,17.21815394,7,3.495904673,16.39897468,0.764143433,28.29333333
2018/8/24 9:30,0.085276042,7,15.98815413,0.088504667,0.085238184,0.290748592,0.058361443,13.23007861,0.322093277,0.085238184,16.02523809,7,3.595973048,14.92413818,0.715509265,28.57888873
2018/8/24 9:45,0.087208333,7,15.65379887,0.088360333,0.08714688,0.294143142,0.06092907,13.30681571,0.317217609,0.08714688,15.66898222,7,3.633333389,14.50634287,0.702750323,28.74444427
2018/8/24 10:00,0.0875,7,15.48862824,0.088195333,0.088183121,0.295133219,0.06200917,13.20339832,0.312942066,0.088183121,15.49905765,7,3.636645679,14.3780714,0.69717736,28.7
2018/8/24 10:15,0.087864583,7,15.09038592,0.088129,0.08814648,0.294975896,0.061920286,13.18658423,0.312862084,0.08814648,15.13167847,7,3.66842484,13.63436818,0.66680119,28.56777793
2018/8/24 10:30,0.088046875,7,14.67963191,0.088042,0.088054446,0.295023552,0.061878701,13.21865925,0.313506296,0.088054446,14.69234654,7,3.732863142,12.66037005,0.630088992,28.61888907
2018/8/24 10:45,0.088046875,7,14.4583403,0.087981667,0.087986683,0.294980231,0.061816309,13.22907071,0.313828199,0.087986683,14.47706266,7,3.807675078,12.05539489,0.61198447,29.0055554
2018/8/24 11:00,0.088046875,7,14.25464572,0.088009,0.08796665,0.295016321,0.061818102,13.24033366,0.314014759,0.08796665,14.26251556,7,3.843116423,11.597591,0.594287498,29.05111093
2018/8/24 11:15,0.088046875,7,14.15042701,0.088011,0.087979698,0.295079291,0.061852704,13.24747899,0.314055034,0.087979698,14.15726869,7,3.862484857,11.37440371,0.585762192,29.0905554
2018/8/24 11:30,0.088046875,7,14.23726369,0.087967,0.087951062,0.295108893,0.061846211,13.25989651,0.314280084,0.087951062,14.21885897,7,3.911502722,11.32412823,0.590609246,29.58444427
2018/8/24 11:45,0.087682292,7,14.29140807,0.087963,0.088281669,0.294980034,0.062011785,13.15193258,0.312055103,0.088281669,14.30543431,7,3.910245991,11.50670062,0.59992951,29.71333333
2018/8/24 12:00,0.0875,7,14.14728471,0.088027667,0.088448112,0.294336354,0.06185725,13.00081447,0.309825056,0.088448112,14.14877094,7,3.895056481,11.32544159,0.588181659,29.40666667
2018/8/24 12:15,0.0875,7,14.1197294,0.088032333,0.088473029,0.293680726,0.061606394,12.88486144,0.308399002,0.088473029,14.12322353,7,3.918631212,11.22072444,0.586244847,29.58
2018/8/24 12:30,0.0875,7,14.32287426,0.087885333,0.0883811,0.292947391,0.061247067,12.78683798,0.307529103,0.0883811,14.29205742,7,3.929586569,11.44357571,0.599508939,29.87277793
2018/8/24 12:45,0.0875,7,14.43814732,0.087820667,0.088187616,0.292227051,0.060826374,12.71779838,0.307309724,0.088187616,14.45606211,7,3.552589526,13.18267092,0.611660191,29.95833367
2018/8/24 13:00,0.0875,7,14.35303942,0.087862,0.088161359,0.291749102,0.060616822,12.64543082,0.30652593,0.088161359,14.34281526,7,2.852209224,15.8348557,0.602188167,30.09555573
2018/8/24 13:15,0.0875,7,14.14599618,0.087797333,0.088108222,0.291261298,0.060386057,12.57857989,0.305886325,0.088108222,14.18609725,7,3.519490662,12.93712523,0.588984754,29.96
2018/8/24 13:30,0.0875,7,13.8082848,0.087778667,0.088034846,0.290812135,0.060157811,12.52351341,0.305448076,0.088034846,13.80945502,7,3.985575344,10.49362476,0.557645874,29.71833333
2018/8/24 13:45,0.0875,7,13.86568952,0.087793,0.088021144,0.290443705,0.06000237,12.46629579,0.304792732,0.088021144,13.85991446,7,3.770686668,11.3606698,0.56169066,29.84666667
2018/8/24 14:00,0.0875,7,13.91617627,0.087761667,0.087998804,0.290083517,0.05984485,12.41276439,0.30420556,0.087998804,13.91549806,7,2.912698499,14.57655326,0.566098173,30.205
2018/8/24 14:15,0.0875,7,13.89665665,0.087704667,0.087936796,0.289709217,0.059655459,12.36732318,0.303839982,0.087936796,13.89955354,7,2.931451145,14.43973636,0.56439529,30.36
2018/8/24 14:30,0.0875,7,13.88724502,0.08767,0.087858065,0.289374581,0.059470824,12.33282107,0.303660886,0.087858065,13.88537507,7,2.945012682,14.33078425,0.562730767,30.46611127
2018/8/24 14:45,0.0875,7,13.8704507,0.087726,0.087844439,0.289134427,0.059367442,12.29692696,0.303257233,0.087844439,13.87491665,7,2.943656028,14.31335819,0.561788724,30.44055573
2018/8/24 15:00,0.0875,7,13.84839771,0.087764333,0.087913395,0.28895481,0.059343739,12.24948828,0.302445195,0.087913395,13.8463941,7,2.930855603,14.32754919,0.559897543,30.29388873
2018/8/24 15:15,0.0875,7,13.86845525,0.087686,0.087894304,0.28866618,0.059218165,12.20713209,0.301973061,0.087894304,13.86828077,7,2.915277644,14.44702042,0.561565354,30.16888887
2018/8/24 15:30,0.0875,7,13.84452481,0.087672,0.087822018,0.288368819,0.059053433,12.17724293,0.301825507,0.087822018,13.84772391,7,3.708629963,11.5466518,0.559424199,29.91888907
2018/8/24 15:45,0.0875,7,13.81609469,0.087657,0.087813145,0.288151678,0.05896307,12.14401186,0.30143271,0.087813145,13.81645717,7,3.979834154,10.49306016,0.556813536,29.65666667
2018/8/24 16:00,0.0875,7,13.83282054,0.087664333,0.08776398,0.287923753,0.058841391,12.11952772,0.301278241,0.08776398,13.83044693,7,3.968113671,10.5397283,0.557643996,29.5694446
2018/8/24 16:15,0.0875,7,13.86875571,0.087654667,0.087798912,0.287772737,0.058806634,12.08575545,0.300735968,0.087798912,13.86651776,7,3.96596182,10.60535306,0.560811765,29.59944447
2018/8/24 16:30,0.0875,7,13.84829937,0.087549333,0.087689098,0.287507339,0.058629661,12.07097106,0.300897983,0.087689098,13.85324231,7,3.958794065,10.59073728,0.559028178,29.51111093
2018/8/24 16:45,0.0875,7,13.82783174,0.087557667,0.08762976,0.287348512,0.058528228,12.06046908,0.300953364,0.08762976,13.82510651,7,3.945065414,10.57685541,0.556355649,29.35333333
2018/8/24 17:00,0.0875,7,13.84754657,0.087618,0.087636649,0.287276402,0.058505088,12.04691433,0.300757655,0.087636649,13.84822741,7,3.929893337,10.65445531,0.558284303,29.25333333
2018/8/24 17:15,0.0875,7,13.85385414,0.087571,0.087677805,0.2872095,0.058507189,12.02530824,0.300348501,0.087677805,13.85204727,7,3.916690401,10.7013784,0.558857934,29.1494446
2018/8/24 17:30,0.0875,7,13.86717072,0.087351,0.087493686,0.286962715,0.058287854,12.0328775,0.301035207,0.087493686,13.86740009,7,3.903850609,10.73801033,0.558934187,29.04111113
2018/8/24 17:45,0.077875,7,11.13923542,0.049935667,0.078088582,0.269763619,0.047140831,11.58128063,0.324683244,0.078088582,11.51851508,7,4.163441684,6.229562712,0.340486592,28.85111093
2018/8/24 18:00,0,7.548451486,7.548451486,0.003885333,0.062142568,0,0,10.83903011,0.362896483,0,7.626801698,7.626801698,0,0,0,28.3694446
2018/8/24 18:15,0,7.626801698,7.626801698,0,0.062142568,0,0,10.83903011,0.362896483,0,7.548451486,7.548451486,0,0,0,27.79333367
2018/8/24 18:30,0,7.548451486,7.548451486,0,0.062142568,0,0,10.83903011,0.362896483,0,7.626801698,7.626801698,0,0,0,27.39555573
2018/8/24 18:45,0,7.626801698,7.626801698,0,0.062142568,0,0,10.83903011,0.362896483,0,7.548451486,7.548451486,0,0,0,27.06388873
2018/8/24 19:00,0,7.548451486,7.548451486,0,0.062142568,0,0,10.83903011,0.362896483,0,7.626801698,7.626801698,0,0,0,26.81111093
2018/8/24 19:15,0,7.626801698,7.626801698,0,0.062142568,0,0,10.83903011,0.362896483,0,7.548451486,7.548451486,0,0,0,26.66888873
2018/8/24 19:30,0,7.548451486,7.548451486,0,0.062142568,0,0,10.83903011,0.362896483,0,7.626801698,7.626801698,0,0,0,26.62166633
2018/8/24 19:45,0,7.626801698,7.626801698,0,0.062142568,0,0,10.83903011,0.362896483,0,7.548451486,7.548451486,0,0,0,26.58888887
2018/8/24 20:00,0,7.548451486,7.548451486,0,0.062142568,0,0,10.83903011,0.362896483,0,7.626801698,7.626801698,0,0,0,26.566667
2018/8/24 20:15,0,7.626801698,7.626801698,0,0.062142568,0,0,10.83903011,0.362896483,0,7.548451486,7.548451486,0,0,0,26.57444447
2018/8/24 20:30,0,7.548451486,7.548451486,0,0.062142568,0,0,10.83903011,0.362896483,0,7.626801698,7.626801698,0,0,0,26.59111093
2018/8/24 20:45,0,7.626801698,7.626801698,0,0.062142568,0,0,10.83903011,0.362896483,0,7.548451486,7.548451486,0,0,0,26.6155554
2018/8/24 21:00,0,7.548451486,7.548451486,0,0.062142568,0,0,10.83903011,0.362896483,0,7.626801698,7.626801698,0,0,0,26.66055553
2018/8/24 21:15,0,7.626801698,7.626801698,0,0.062142568,0,0,10.83903011,0.362896483,0,7.548451486,7.548451486,0,0,0,26.7422224
2018/8/24 21:30,0,7.548451486,7.548451486,0,0.062142568,0,0,10.83903011,0.362896483,0,7.626801698,7.626801698,0,0,0,26.8
2018/8/24 21:45,0,7.626801698,7.626801698,0,0.062142568,0,0,10.83903011,0.362896483,0,7.548451486,7.548451486,0,0,0,26.84277793
2018/8/24 22:00,0,7.548451486,7.548451486,0,0.062142568,0,0,10.83903011,0.362896483,0,7.626801698,7.626801698,0,0,0,26.8877778
2018/8/24 22:15,0,7.626801698,7.626801698,0,0.062142568,0,0,10.83903011,0.362896483,0,7.548451486,7.548451486,0,0,0,26.89499967
2018/8/24 22:30,0,7.548451486,7.548451486,0,0.062142568,0,0,10.83903011,0.362896483,0,7.626801698,7.626801698,0,0,0,26.93555553
2018/8/24 22:45,0,7.626801698,7.626801698,0,0.062142568,0,0,10.83903011,0.362896483,0,7.548451486,7.548451486,0,0,0,26.9822224
2018/8/24 23:00,0,7.548451486,7.548451486,0,0.062142568,0,0,10.83903011,0.362896483,0,7.626801698,7.626801698,0,0,0,27.035
2018/8/24 23:15,0,7.626801698,7.626801698,0,0.062142568,0,0,10.83903011,0.362896483,0,7.548451486,7.548451486,0,0,0,27.08666667
2018/8/24 23:30,0,7.548451486,7.548451486,0,0.062142568,0,0,10.83903011,0.362896483,0,7.626801698,7.626801698,0,0,0,27.11166667
2018/8/24 23:45,0,7.626801698,7.626801698,0,0.062142568,0,0,10.83903011,0.362896483,0,7.548451486,7.548451486,0,0,0,27.195
2018/8/25 0:00,0,0,0,0,0,0,0,0,0,0,0,0,0,0,0,0
