,G_Ld,Q_Ld,1071019,1071005,1071006
2019/6/30 0:00,3.398333333,96.590624,7,17.75,94
2019/6/30 0:15,3.401666667,96.40058,7,17.86,93.6
2019/6/30 0:30,3.353333333,95.592333,7,17.48,93.9
2019/6/30 0:45,3.383333333,96.730786,7,17.57,95.2
2019/6/30 1:00,3.573333333,101.265479,7,17.82,95.3
2019/6/30 1:15,3.511666667,100.546883,7,17.68,95
2019/6/30 1:30,3.411666667,97.969284,7,17.73,95.3
2019/6/30 1:45,3.363333333,95.736611,7,17.81,95.4
2019/6/30 2:00,3.43,96.629205,7,17.74,95
2019/6/30 2:15,3.363333333,95.595822,7,17.76,94.2
2019/6/30 2:30,3.376666667,95.833447,7,17.32,94.2
2019/6/30 2:45,3.356666667,96.108886,7,17.27,94.5
2019/6/30 3:00,3.393333333,97.584869,7,17.17,94.5
2019/6/30 3:15,3.273333333,95.504148,7,17.12,94.3
2019/6/30 3:30,3.221666667,93.726982,7,17.16,94.2
2019/6/30 3:45,3.226666667,93.197104,7,17.1,93.9
2019/6/30 4:00,3.39,95.218523,7,17.12,94.2
2019/6/30 4:15,3.32,95.336987,7,17.15,94
2019/6/30 4:30,3.271666667,94.222953,7,17.19,94.4
2019/6/30 4:45,3.251666667,93.238615,7,17.28,94.6
2019/6/30 5:00,3.355,94.516322,7,17.24,94.6
2019/6/30 5:15,3.328333333,95.158315,7,17.19,95
2019/6/30 5:30,3.343333333,95.307267,7,17.23,95.1
2019/6/30 5:45,3.28,94.737552,7,17.12,95
2019/6/30 6:00,3.333333333,94.882667,7,17.03,95.2
2019/6/30 6:15,3.305,93.522775,7,17.23,95.6
2019/6/30 6:30,3.303333333,92.784225,7,17.47,95.6
2019/6/30 6:45,3.418333333,96.157443,7,17.35,95.4
2019/6/30 7:00,3.463333333,97.133339,7,17.52,95.8
2019/6/30 7:15,3.431666667,96.676158,7,17.96,95.8
2019/6/30 7:30,3.383333333,96.16428,7,18.04,95.5
2019/6/30 7:45,3.33,95.345359,7,17.85,95.1
2019/6/30 8:00,3.406666667,94.973642,7,17.7,95.2
2019/6/30 8:15,3.46,96.895016,7,17.66,95.3
2019/6/30 8:30,3.358333333,95.594287,7,17.74,95.4
2019/6/30 8:45,3.353333333,95.171222,7,17.76,95.4
2019/6/30 9:00,3.463333333,96.263489,7,17.81,95.4
2019/6/30 9:15,3.391666667,96.259163,7,18.06,95
2019/6/30 9:30,3.505,99.035528,7,18.05,94.7
2019/6/30 9:45,3.626666667,101.10697,7,18.43,95
2019/6/30 10:00,3.588333333,101.390153,7,18.52,94.7
2019/6/30 10:15,3.466666667,98.968203,7,18.7,94.6
2019/6/30 10:30,3.568333333,99.480709,7,18.81,94.4
2019/6/30 10:45,3.633333333,101.140737,7,18.7,94.3
2019/6/30 11:00,3.271666667,97.372848,7,18.78,94.5
2019/6/30 11:15,2.336666667,70.229638,7,19.07,94.5
2019/6/30 11:30,2.631666667,74.469219,7,19.43,94
2019/6/30 11:45,2.658333333,77.338094,7,19.42,92.7
2019/6/30 12:00,2.518333333,74.424708,7,19.42,93
2019/6/30 12:15,2.676666667,75.966691,7,19.46,92.5
2019/6/30 12:30,2.74,78.222945,7,19.23,92.6
2019/6/30 12:45,2.518333333,74.846378,7,19.41,93
2019/6/30 13:00,2.601666667,74.382639,7,19.33,92.6
2019/6/30 13:15,2.655,77.018842,7,19.22,92.8
2019/6/30 13:30,2.59,75.89218,7,19.13,93.1
2019/6/30 13:45,2.676666667,76.190781,7,18.89,93.8
2019/6/30 14:00,2.763333333,77.732346,7,18.63,94.6
2019/6/30 14:15,2.558333333,75.713926,7,18.51,95
2019/6/30 14:30,2.563333333,73.715879,7,18.59,95.4
2019/6/30 14:45,2.678333333,76.126108,7,18.64,95.6
2019/6/30 15:00,2.736666667,77.784112,7,18.72,95.8
2019/6/30 15:15,2.75,77.35728,7,18.73,96
2019/6/30 15:30,2.755,78.651173,7,18.83,96
2019/6/30 15:45,2.55,75.040329,7,18.77,95.4
2019/6/30 16:00,2.58,73.871179,7,18.42,95.4
2019/6/30 16:15,2.628333333,76.245269,7,18.42,95.5
2019/6/30 16:30,2.633333333,77.602859,7,18.48,95.8
2019/6/30 16:45,2.59,75.45851,7,18.42,95.8
2019/6/30 17:00,2.7,75.837762,7,18.43,95.9
2019/6/30 17:15,2.631666667,76.782612,7,18.39,95.9
2019/6/30 17:30,2.495,73.421812,7,18.28,95.8
2019/6/30 17:45,2.626666667,76.196921,7,18.32,95.8
2019/6/30 18:00,2.611666667,75.652462,7,18.31,95.6
2019/6/30 18:15,2.65,75.986365,7,18.34,95.4
2019/6/30 18:30,2.578333333,76.197898,7,18.22,94.8
2019/6/30 18:45,2.433333333,72.523845,7,18.19,94.6
2019/6/30 19:00,2.481666667,72.717797,7,18.25,94.1
2019/6/30 19:15,2.496666667,73.99341,7,18.24,94.3
2019/6/30 19:30,2.56,74.905958,7,18.31,94.4
2019/6/30 19:45,2.698333333,77.259328,7,18.42,94.3
2019/6/30 20:00,2.561666667,76.992121,7,18.37,94.6
2019/6/30 20:15,2.528333333,73.873551,7,18.45,94.6
2019/6/30 20:30,2.498333333,73.624484,7,18.32,94.5
2019/6/30 20:45,2.458333333,72.548613,7,18.28,94.5
2019/6/30 21:00,2.548333333,74.137897,7,18.19,94.3
2019/6/30 21:15,2.596666667,75.761437,7,18.07,94.3
2019/6/30 21:30,2.508333333,75.914157,7,18.13,94.5
2019/6/30 21:45,2.411666667,72.382847,7,17.92,94.1
2019/6/30 22:00,2.343333333,70.5281,7,17.89,94.2
2019/6/30 22:15,2.453333333,72.092966,7,17.81,94
2019/6/30 22:30,2.501666667,74.036875,7,17.8,94
2019/6/30 22:45,2.491666667,74.158129,7,17.69,94.1
2019/6/30 23:00,2.43,74.052014,7,17.62,94.5
2019/6/30 23:15,2.343333333,70.920468,7,17.64,94.7
2019/6/30 23:30,2.413333333,71.624693,7,17.67,94.7
2019/6/30 23:45,2.503333333,73.981411,7,17.88,94.8
2019/7/1 0:00,2.42,73.038165,7,17.97,94.5
2019/7/1 0:15,2.495,72.899609,7,17.93,94.1
2019/7/1 0:30,2.438333333,72.979073,7,17.67,94.2
2019/7/1 0:45,2.27,69.651273,7,17.59,94.7
2019/7/1 1:00,2.465,73.261279,7,17.48,95
2019/7/1 1:15,2.428333333,73.391324,7,17.47,95.2
2019/7/1 1:30,2.373333333,70.1395,7,17.42,95.3
2019/7/1 1:45,2.5,73.4643,7,17.48,95.4
2019/7/1 2:00,2.338333333,72.824679,7,17.55,95.1
2019/7/1 2:15,2.366666667,71.527577,7,17.61,95.1
2019/7/1 2:30,2.481666667,73.756622,7,17.67,94.8
2019/7/1 2:45,2.328333333,70.953816,7,17.64,94.6
2019/7/1 3:00,2.435,71.044583,7,17.59,94.6
2019/7/1 3:15,2.451666667,72.967631,7,17.63,95.1
2019/7/1 3:30,2.413333333,73.140025,7,17.78,95
2019/7/1 3:45,2.47,73.513276,7,17.95,94.9
2019/7/1 4:00,2.501666667,73.408556,7,17.86,94.6
2019/7/1 4:15,2.468333333,73.360348,7,17.96,94.9
2019/7/1 4:30,2.351666667,70.58203,7,17.93,94.6
2019/7/1 4:45,2.488333333,72.913143,7,17.77,94.9
2019/7/1 5:00,2.488333333,74.996376,7,18.05,95.2
2019/7/1 5:15,2.49,74.733914,7,18.39,94
2019/7/1 5:30,2.61,75.822692,7,18.5,93.1
2019/7/1 5:45,2.488333333,74.475568,7,18.67,92.6
2019/7/1 6:00,2.506666667,73.450347,7,18.77,91.8
2019/7/1 6:15,2.525,72.930585,7,18.92,91.4
2019/7/1 6:30,2.585,74.555381,7,19.02,90.4
2019/7/1 6:45,2.618333333,76.393593,7,19.15,89.6
2019/7/1 7:00,2.638333333,76.977121,7,19.34,88.5
2019/7/1 7:15,2.71,77.933692,7,19.38,87.4
2019/7/1 7:30,2.671666667,78.956192,7,19.61,87.6
2019/7/1 7:45,2.548333333,76.378035,7,20.15,85.8
2019/7/1 8:00,2.931666667,79.890438,7,20.57,83.9
2019/7/1 8:15,2.813333333,80.198737,7,20.64,83.2
2019/7/1 8:30,2.861666667,78.941193,7,20.85,82.5
2019/7/1 8:45,2.966666667,81.465141,7,21.18,79.9
2019/7/1 9:00,2.938333333,82.655082,7,21.48,78.8
2019/7/1 9:15,2.86,79.374095,7,21.91,77.2
2019/7/1 9:30,3.045,81.449304,7,21.89,76.7
2019/7/1 9:45,2.953333333,81.346259,7,21.63,77.5
2019/7/1 10:00,2.866666667,80.759103,7,22.05,76.1
2019/7/1 10:15,2.945,80.007227,7,22.21,75.6
2019/7/1 10:30,3.01,82.277086,7,22.07,76.6
2019/7/1 10:45,2.853333333,82.294527,7,22.4,76
2019/7/1 11:00,3.061666667,82.53592,7,23.11,73.1
2019/7/1 11:15,3.151666667,85.62177,7,23.3,73.6
2019/7/1 11:30,3.173333333,87.80442,7,23.42,73.3
2019/7/1 11:45,3.153333333,89.231009,7,23.62,72
2019/7/1 12:00,3.183333333,88.081114,7,23.96,70.7
2019/7/1 12:15,3.205,88.278135,7,23.86,71
2019/7/1 12:30,3.213333333,88.776688,7,23.9,70.5
2019/7/1 12:45,3.178333333,89.938443,7,24.13,69.6
2019/7/1 13:00,3.033333333,83.676745,7,23.97,69.8
2019/7/1 13:15,3.168333333,85.941929,7,24.23,68.4
2019/7/1 13:30,3.238333333,88.925151,7,24.42,69
2019/7/1 13:45,3.22,89.769607,7,24.55,68.9
2019/7/1 14:00,3.286666667,91.903351,7,25.16,67.1
2019/7/1 14:15,3.221666667,90.355508,7,25.42,66.3
2019/7/1 14:30,3.216666667,89.407379,7,25.48,66.3
2019/7/1 14:45,3.245,90.059069,7,25.78,65.2
2019/7/1 15:00,3.201666667,88.72241,7,25.69,65.5
2019/7/1 15:15,3.276666667,88.331856,7,25.2,67.7
2019/7/1 15:30,3.323333333,91.954839,7,25.35,66.8
2019/7/1 15:45,3.185,90.127092,7,24.68,69.5
2019/7/1 16:00,3.2,86.265088,7,24.45,71.2
2019/7/1 16:15,3.175,88.780874,7,24.45,71.7
2019/7/1 16:30,3.248333333,90.831456,7,24.47,71.9
2019/7/1 16:45,3.236666667,91.995582,7,24.59,71.6
2019/7/1 17:00,3.17,88.508365,7,25.09,70
2019/7/1 17:15,3.11,86.963313,7,24.88,70.5
2019/7/1 17:30,3.05,87.583678,7,24.34,73.4
2019/7/1 17:45,3.08,86.769082,7,24.06,75.2
2019/7/1 18:00,3.175,87.983441,7,23.73,75.9
2019/7/1 18:15,3.18,88.654457,7,23.38,77.4
2019/7/1 18:30,3.128333333,88.392622,7,22.83,80
2019/7/1 18:45,3.058333333,86.798803,7,22.58,81.3
2019/7/1 19:00,3.046666667,83.789488,7,22.31,83
2019/7/1 19:15,3.151666667,87.468772,7,22.36,83.1
2019/7/1 19:30,3.178333333,89.672352,7,22.15,84.7
2019/7/1 19:45,3.141666667,89.032383,7,22.08,84.8
2019/7/1 20:00,3.101666667,85.951278,7,22.11,84.4
2019/7/1 20:15,3.09,84.722547,7,22.05,84.6
2019/7/1 20:30,3.098333333,86.507388,7,21.51,87.2
2019/7/1 20:45,3.171666667,87.89107,7,21.79,86.6
2019/7/1 21:00,3.173333333,89.796956,7,21.97,85.4
2019/7/1 21:15,3.125,86.8595,7,22.01,85
2019/7/1 21:30,3.131666667,86.520434,7,21.97,85
2019/7/1 21:45,3.138333333,87.361471,7,21.81,85.6
2019/7/1 22:00,3.106666667,88.690735,7,21.76,85.8
2019/7/1 22:15,3.188333333,87.819071,7,21.39,87.6
2019/7/1 22:30,3.208333333,88.101347,7,21.33,88
2019/7/1 22:45,3.148333333,88.298786,7,21.3,88.5
2019/7/1 23:00,3.008333333,85.127891,7,21.27,88.5
2019/7/1 23:15,2.981666667,82.625919,7,21.24,88.5
2019/7/1 23:30,2.978333333,83.03224,7,21.18,88.7
2019/7/1 23:45,3.036666667,83.768697,7,21.24,88.6
2019/7/2 0:00,3,84.01302,7,21.2,88.5
2019/7/2 0:15,3.013333333,81.989787,7,21,89.7
2019/7/2 0:30,3.055,84.274436,7,20.75,90.9
2019/7/2 0:45,3.026666667,85.773373,7,20.76,91.1
2019/7/2 1:00,3.071666667,83.834138,7,20.8,90.8
2019/7/2 1:15,3.115,83.712884,7,20.37,91.9
2019/7/2 1:30,3.046666667,85.064822,7,20.19,93.2
2019/7/2 1:45,2.991666667,82.903032,7,20.18,93.7
2019/7/2 2:00,3.006666667,82.563548,7,20.32,93.7
2019/7/2 2:15,3.03,83.331121,7,20.26,93.4
2019/7/2 2:30,3.141666667,85.876139,7,20.42,93.1
2019/7/2 2:45,3.076666667,86.803966,7,20.61,92.5
2019/7/2 3:00,3.066666667,82.542339,7,20.77,92.4
2019/7/2 3:15,3.09,84.851894,7,20.62,92.6
2019/7/2 3:30,3.065,87.372913,7,20.6,93.8
2019/7/2 3:45,3.016666667,84.100926,7,20.74,93.3
2019/7/2 4:00,3.091666667,83.60349,7,20.85,93.3
2019/7/2 4:15,3.055,85.553259,7,20.92,92.6
2019/7/2 4:30,3.01,84.293063,7,20.91,92.6
2019/7/2 4:45,3.071666667,84.219878,7,20.84,92.7
2019/7/2 5:00,2.976666667,84.605618,7,20.86,92.5
2019/7/2 5:15,3.073333333,83.750976,7,21,91.9
2019/7/2 5:30,3.156666667,87.211124,7,21.08,91.5
2019/7/2 5:45,3.135,88.580993,7,21.14,91.3
2019/7/2 6:00,3.056666667,86.239693,7,21.12,91.3
2019/7/2 6:15,3.106666667,84.269203,7,21.09,91.7
2019/7/2 6:30,3.088333333,86.616014,7,21.12,91.5
2019/7/2 6:45,3.133333333,88.140416,7,21.16,91
2019/7/2 7:00,3.201666667,86.980127,7,21.18,91.1
2019/7/2 7:15,3.238333333,88.382925,7,21.57,90.4
2019/7/2 7:30,3.261666667,90.112022,7,22.21,86.9
2019/7/2 7:45,3.225,90.448995,7,22.13,86.1
2019/7/2 8:00,3.29,91.583401,7,22.19,85.5
2019/7/2 8:15,3.303333333,89.603842,7,22.95,82.4
2019/7/2 8:30,3.32,92.696458,7,24.01,77.2
2019/7/2 8:45,3.33,94.927178,7,24.6,74.5
2019/7/2 9:00,3.291666667,93.283266,7,25.17,71.5
2019/7/2 9:15,3.271666667,94.086001,7,25.68,70.6
2019/7/2 9:30,3.44,97.630915,7,25.33,71.8
2019/7/2 9:45,3.52,101.080179,7,26.16,69.1
2019/7/2 10:00,3.418333333,101.451826,7,26.43,68.1
2019/7/2 10:15,3.413333333,99.874611,7,26.68,65.9
2019/7/2 10:30,3.486666667,100.998692,7,26.96,63.9
2019/7/2 10:45,3.428333333,101.318084,7,27.23,63.1
2019/7/2 11:00,3.373333333,96.162466,7,26.09,68
2019/7/2 11:15,3.468333333,96.838017,7,25.83,68.4
2019/7/2 11:30,3.54,100.172654,7,26.18,68.9
2019/7/2 11:45,3.638333333,104.325934,7,26.33,69.9
2019/7/2 12:00,3.525,102.551768,7,26.64,66.2
2019/7/2 12:15,3.44,97.774914,7,26.47,66.5
2019/7/2 12:30,3.608333333,100.595859,7,27.39,60.2
2019/7/2 12:45,3.59,101.888077,7,27.17,62.9
2019/7/2 13:00,3.501666667,100.55372,7,26.59,66.6
2019/7/2 13:15,3.486666667,99.393221,7,26.84,66
2019/7/2 13:30,3.591666667,101.183643,7,27.28,64
2019/7/2 13:45,3.631666667,103.526687,7,26.97,64.8
2019/7/2 14:00,3.638333333,104.173633,7,27.6,62.7
2019/7/2 14:15,3.616666667,102.7963,7,28.36,60.5
2019/7/2 14:30,3.631666667,102.158493,7,28.98,56.8
2019/7/2 14:45,3.671666667,103.744778,7,28.95,56.7
2019/7/2 15:00,3.513333333,102.947693,7,28.75,56.9
2019/7/2 15:15,3.563333333,98.74467,7,28.75,56.8
2019/7/2 15:30,3.618333333,101.4805,7,28.83,56.2
2019/7/2 15:45,3.453333333,101.045017,7,29.48,46.4
2019/7/2 16:00,3.468333333,95.821726,7,29.61,53
2019/7/2 16:15,3.565,101.17855,7,29.1,55.2
2019/7/2 16:30,3.461666667,99.115271,7,29.05,53.2
2019/7/2 16:45,3.565,98.492394,7,28.46,55.5
2019/7/2 17:00,3.511666667,99.958889,7,27.14,60
2019/7/2 17:15,3.391666667,99.808542,7,26.62,61.9
2019/7/2 17:30,3.271666667,94.907713,7,26.08,61.8
2019/7/2 17:45,3.296666667,93.148965,7,25.91,60.7
2019/7/2 18:00,3.301666667,95.086943,7,25.96,59.8
2019/7/2 18:15,3.356666667,95.265825,7,26.59,57.7
2019/7/2 18:30,3.341666667,94.420463,7,26.43,58.9
2019/7/2 18:45,3.336666667,94.977549,7,26.1,59.8
2019/7/2 19:00,3.216666667,93.716168,7,25.89,58.6
2019/7/2 19:15,3.196666667,88.717665,7,25.85,59.1
2019/7/2 19:30,3.241666667,90.102255,7,25.48,61.7
2019/7/2 19:45,3.268333333,92.21158,7,25.03,61.7
2019/7/2 20:00,3.166666667,88.415297,7,24.42,62.7
2019/7/2 20:15,3.188333333,85.550189,7,24.21,62.7
2019/7/2 20:30,3.198333333,87.558981,7,24.26,61.9
2019/7/2 20:45,3.163333333,87.924977,7,23.98,62.9
2019/7/2 21:00,3.076666667,86.546387,7,23.79,63.2
2019/7/2 21:15,3.158333333,84.613013,7,23.82,63.3
2019/7/2 21:30,3.233333333,86.622293,7,23.73,63.1
2019/7/2 21:45,3.085,86.135113,7,23.57,64.1
2019/7/2 22:00,2.945,82.102948,7,22.78,67.1
2019/7/2 22:15,3.135,83.987904,7,22.3,69.3
2019/7/2 22:30,3.168333333,86.074555,7,22.83,65.8
2019/7/2 22:45,2.896666667,81.846765,7,22.66,66.5
2019/7/2 23:00,2.896666667,79.179167,7,22.56,66.9
2019/7/2 23:15,2.926666667,80.366735,7,22.53,66.5
2019/7/2 23:30,2.731666667,77.870693,7,22.29,67.3
2019/7/2 23:45,2.718333333,75.669973,7,22.15,67.1
2019/7/3 0:00,2.92,79.816974,7,22.18,65.7
2019/7/3 0:15,2.703333333,79.326235,7,22.18,65.5
2019/7/3 0:30,2.716666667,76.305896,7,22.14,65.7
2019/7/3 0:45,2.74,78.452338,7,21.91,66.6
2019/7/3 1:00,2.66,75.382325,7,21.92,66.6
2019/7/3 1:15,2.79,76.964215,7,21.86,66.9
2019/7/3 1:30,2.88,78.603034,7,21.92,67.1
2019/7/3 1:45,2.773333333,79.406746,7,21.75,68.1
2019/7/3 2:00,2.731666667,77.07026,7,21.5,69.1
2019/7/3 2:15,2.74,76.15841,7,21.12,70.9
2019/7/3 2:30,2.68,76.061294,7,20.85,71.6
2019/7/3 2:45,2.731666667,75.126351,7,20.6,72.7
2019/7/3 3:00,2.74,76.731892,7,20.39,73.5
2019/7/3 3:15,2.635,77.100469,7,19.96,75.6
2019/7/3 3:30,2.58,74.087177,7,19.64,77.9
2019/7/3 3:45,2.645,74.625078,7,19.86,76.7
2019/7/3 4:00,2.593333333,75.338512,7,19.81,76.7
2019/7/3 4:15,2.623333333,74.782471,7,20.09,75.5
2019/7/3 4:30,2.763333333,75.418883,7,20.15,74.7
2019/7/3 4:45,2.673333333,76.431616,7,20.22,74.2
2019/7/3 5:00,2.593333333,73.818715,7,19.89,76.5
2019/7/3 5:15,2.645,72.964282,7,20.84,72.4
2019/7/3 5:30,2.606666667,74.198245,7,21.69,69.3
2019/7/3 5:45,2.75,75.51544,7,22.61,66.2
2019/7/3 6:00,2.785,77.875507,7,22.93,65.8
2019/7/3 6:15,2.765,77.894972,7,22.89,66
2019/7/3 6:30,2.7,76.176828,7,22.94,65.2
2019/7/3 6:45,2.803333333,77.332024,7,23.2,64.2
2019/7/3 7:00,2.815,79.657068,7,23.46,62.9
2019/7/3 7:15,2.845,81.339631,7,23.89,60.6
2019/7/3 7:30,3.011666667,83.33119,7,24.24,59.5
2019/7/3 7:45,2.976666667,85.228634,7,23.8,61
2019/7/3 8:00,2.94,83.80958,7,23.19,63.2
2019/7/3 8:15,3.09,85.757326,7,23.08,64.3
2019/7/3 8:30,3.071666667,86.920057,7,23.22,64.4
2019/7/3 8:45,3.261666667,89.975489,7,23.15,65.1
2019/7/3 9:00,3.311666667,91.632028,7,23.23,64.7
2019/7/3 9:15,3.12,89.201986,7,24.01,60.9
2019/7/3 9:30,3.113333333,86.013928,7,24.74,57.2
2019/7/3 9:45,3.305,91.862607,7,24.67,58.1
2019/7/3 10:00,3.126666667,90.570529,7,24,61
2019/7/3 10:15,3.158333333,86.728339,7,23.66,60
2019/7/3 10:30,3.271666667,90.114394,7,23.91,59.7
2019/7/3 10:45,3.338333333,92.509623,7,24.52,60.4
2019/7/3 11:00,3.318333333,92.233208,7,25.14,58.4
2019/7/3 11:15,3.145,88.863548,7,24.92,57.4
2019/7/3 11:30,3.166666667,88.415297,7,24.8,58.6
2019/7/3 11:45,3.543333333,95.520613,7,24.71,59.1
2019/7/3 12:00,3.495,95.680658,7,24.85,60.1
2019/7/3 12:15,3.398333333,93.176523,7,25.15,60.9
2019/7/3 12:30,3.34,92.975246,7,25.4,59.9
2019/7/3 12:45,3.096666667,87.886744,7,25.71,56.9
2019/7/3 13:00,3.211666667,88.192881,7,25.71,57
2019/7/3 13:15,3.483333333,95.507078,7,25.37,61.2
2019/7/3 13:30,3.451666667,96.0837,7,24.86,63.6
2019/7/3 13:45,3.29,88.829013,7,24.4,63.6
2019/7/3 14:00,3.355,88.477389,7,24.41,63.5
2019/7/3 14:15,3.42,92.911619,7,24.73,63
2019/7/3 14:30,3.465,93.699005,7,24.98,62
2019/7/3 14:45,3.266666667,89.566447,7,24.47,64.7
2019/7/3 15:00,3.281666667,86.131345,7,24.32,64.9
2019/7/3 15:15,3.27,87.467726,7,24.1,65.9
2019/7/3 15:30,3.328333333,89.446029,7,23.55,67.8
2019/7/3 15:45,3.348333333,89.843351,7,23.15,69.5
2019/7/3 16:00,3.323333333,88.616085,7,22.87,70.7
2019/7/3 16:15,3.251666667,87.113451,7,23.18,68.9
2019/7/3 16:30,3.233333333,85.26882,7,22.88,70.6
2019/7/3 16:45,3.281666667,86.818198,7,22.61,72.1
2019/7/3 17:00,3.246666667,87.930837,7,22.66,71.4
2019/7/3 17:15,3.198333333,88.228392,7,22.42,72.7
2019/7/3 17:30,3.158333333,84.745221,7,22.26,73.7
2019/7/3 17:45,3.223333333,85.274959,7,21.82,76.1
2019/7/3 18:00,3.201666667,85.907952,7,21.46,78
2019/7/3 18:15,3.161666667,86.95222,7,21.27,78.7
2019/7/3 18:30,2.945,80.130505,7,20.78,80.7
2019/7/3 18:45,3.145,82.017763,7,20.82,80.5
2019/7/3 19:00,3.201666667,84.835778,7,20.75,80.4
2019/7/3 19:15,2.905,82.933451,7,20.89,79.2
2019/7/3 19:30,2.968333333,80.516873,7,21.01,78.7
2019/7/3 19:45,3.096666667,83.090565,7,21.04,78.2
2019/7/3 20:00,2.953333333,81.222632,7,21.1,77.9
2019/7/3 20:15,3.056666667,80.225946,7,20.9,78.5
2019/7/3 20:30,3.188333333,83.281307,7,21.06,76.7
2019/7/3 20:45,2.923333333,81.988391,7,21.01,77
2019/7/3 21:00,2.996666667,79.152934,7,20.59,79.1
2019/7/3 21:15,3.045,81.066913,7,20.72,79.4
2019/7/3 21:30,3.015,82.539967,7,20.35,82
2019/7/3 21:45,3.076666667,80.622081,7,20.39,81.6
2019/7/3 22:00,3.171666667,83.908091,7,20.37,81.9
2019/7/3 22:15,2.946666667,82.27276,7,20.25,81.3
2019/7/3 22:30,2.831666667,76.809751,7,20.28,81
2019/7/3 22:45,2.926666667,78.529081,7,20.3,80.3
2019/7/3 23:00,2.945,81.240004,7,20.1,81.4
2019/7/3 23:15,2.88,80.170272,7,20.13,81
2019/7/3 23:30,2.731666667,76.727217,7,20.04,81.7
2019/7/3 23:45,2.721666667,75.876692,7,20.29,81
2019/7/4 0:00,2.773333333,77.317094,7,20.4,79.7
2019/7/4 0:15,2.706666667,78.404338,7,19.95,82.2
2019/7/4 0:30,2.841666667,78.032621,7,19.94,81.7
2019/7/4 0:45,2.903333333,79.11833,7,20.56,78.7
2019/7/4 1:00,2.79,80.117528,7,20.61,80.9
2019/7/4 1:15,2.851666667,77.82974,7,20.69,83.1
2019/7/4 1:30,2.918333333,78.183317,7,20.49,85.7
2019/7/4 1:45,2.921666667,79.984832,7,20.23,87.4
2019/7/4 2:00,2.958333333,79.874113,7,20.13,89.4
2019/7/4 2:15,2.998333333,80.201039,7,19.85,89.3
2019/7/4 2:30,2.735,77.965715,7,19.71,89.6
2019/7/4 2:45,2.838333333,77.347024,7,19.27,90.6
2019/7/4 3:00,2.77,77.687974,7,19.37,90.2
2019/7/4 3:15,2.823333333,78.829217,7,19.35,90.8
2019/7/4 3:30,2.88,79.688045,7,19.16,91.5
2019/7/4 3:45,2.77,77.572022,7,18.92,91.7
2019/7/4 4:00,2.841666667,76.486243,7,18.88,92.1
2019/7/4 4:15,2.893333333,78.603592,7,18.83,92.3
2019/7/4 4:30,2.748333333,78.460849,7,18.73,92.4
2019/7/4 4:45,2.82,77.791787,7,18.72,92.6
2019/7/4 5:00,2.945,79.144283,7,18.67,92.5
2019/7/4 5:15,2.905,80.744591,7,18.72,93
2019/7/4 5:30,2.691666667,76.054388,7,18.59,92.9
2019/7/4 5:45,2.726666667,75.102979,7,18.56,92.6
2019/7/4 6:00,2.78,78.317548,7,18.59,92.5
2019/7/4 6:15,2.833333333,81.006077,7,18.6,92.9
2019/7/4 6:30,2.731666667,78.785473,7,18.55,93.3
2019/7/4 6:45,2.916666667,78.993308,7,18.47,94.3
2019/7/4 7:00,3.013333333,81.485234,7,18.52,94.6
2019/7/4 7:15,2.891666667,83.15803,7,18.52,94.7
2019/7/4 7:30,2.858333333,80.045738,7,18.67,94.9
2019/7/4 7:45,3.126666667,82.58671,7,18.63,94.3
2019/7/4 8:00,3.293333333,87.678282,7,18.74,94.3
2019/7/4 8:15,3.006666667,84.95487,7,18.91,94.5
2019/7/4 8:30,3.098333333,84.043159,7,19,94.9
2019/7/4 8:45,3.225,88.019022,7,18.98,95.3
2019/7/4 9:00,3.218333333,89.453704,7,19.01,95.6
2019/7/4 9:15,3.303333333,89.189009,7,19.21,95.7
2019/7/4 9:30,3.406666667,90.69555,7,19.38,95.5
2019/7/4 9:45,3.336666667,91.206382,7,19.57,95.3
2019/7/4 10:00,3.33,91.163545,7,19.34,94.6
2019/7/4 10:15,3.295,89.929512,7,19.46,94.9
2019/7/4 10:30,3.335,90.044,7,19.79,94.6
2019/7/4 10:45,3.461666667,95.202826,7,20.18,94.2
2019/7/4 11:00,3.376666667,95.6921,7,20.31,93.1
2019/7/4 11:15,3.346666667,92.180185,7,20.55,91.1
2019/7/4 11:30,3.393333333,93.749656,7,20.93,88.9
2019/7/4 11:45,3.47,98.627602,7,21.85,84.8
2019/7/4 12:00,3.425,97.922052,7,22.09,80.8
2019/7/4 12:15,3.445,94.311836,7,21.68,81.8
2019/7/4 12:30,3.46,94.867318,7,22.42,79.8
2019/7/4 12:45,3.37,94.656762,7,22.66,78.3
2019/7/4 13:00,3.338333333,92.090395,7,21.94,80.2
2019/7/4 13:15,3.4,91.08736,7,22.82,76.7
2019/7/4 13:30,3.528333333,96.593206,7,23.59,73.5
2019/7/4 13:45,3.48,97.600776,7,23.13,76.6
2019/7/4 14:00,3.348333333,92.786736,7,21.68,82.9
2019/7/4 14:15,3.373333333,89.666911,7,21.22,85.1
2019/7/4 14:30,3.44,93.59896,7,21.58,83.3
2019/7/4 14:45,3.456666667,97.380453,7,22.34,79.9
2019/7/4 15:00,3.468333333,95.240988,7,21.93,79
2019/7/4 15:15,3.405,92.931712,7,21.89,80.1
2019/7/4 15:30,3.421666667,91.094895,7,22.06,80.2
2019/7/4 15:45,3.438333333,95.136827,7,21.8,80.4
2019/7/4 16:00,3.333333333,94.743133,7,21.97,79.8
2019/7/4 16:15,3.431666667,91.073825,7,22.38,77.8
2019/7/4 16:30,3.505,95.807703,7,22.66,75.6
2019/7/4 16:45,3.485,96.719832,7,22.59,77.1
2019/7/4 17:00,3.371666667,93.71561,7,23.14,74.8
2019/7/4 17:15,3.423333333,93.002176,7,23.09,74.6
2019/7/4 17:30,3.365,94.657181,7,22.62,76.5
2019/7/4 17:45,3.433333333,95.285918,7,22.68,76.5
2019/7/4 18:00,3.381666667,93.568891,7,21.93,80.2
2019/7/4 18:15,3.308333333,91.81677,7,22.1,79.8
2019/7/4 18:30,3.323333333,90.563691,7,21.82,80.2
2019/7/4 18:45,3.295,90.481227,7,21.42,82.2
2019/7/4 19:00,3.218333333,89.049545,7,21.15,83.1
2019/7/4 19:15,3.336666667,88.831943,7,21.06,83.2
2019/7/4 19:30,3.335,90.602412,7,21.01,83.4
2019/7/4 19:45,3.295,90.20537,7,20.94,83.6
2019/7/4 20:00,3.223333333,87.29889,7,20.91,83.5
2019/7/4 20:15,3.245,85.848162,7,20.83,84.3
2019/7/4 20:30,3.255,88.156532,7,20.89,84
2019/7/4 20:45,3.318333333,90.149626,7,20.76,84
2019/7/4 21:00,3.278333333,89.200172,7,20.62,85.1
2019/7/4 21:15,3.213333333,86.086485,7,20.51,85.6
2019/7/4 21:30,3.261666667,87.790955,7,20.43,85.9
2019/7/4 21:45,3.271666667,89.566586,7,20.38,86.3
2019/7/4 22:00,3.26,90.475367,7,20.38,86.6
2019/7/4 22:15,3.285,88.281484,7,20.35,87
2019/7/4 22:30,3.336666667,87.71456,7,20.31,87.7
2019/7/4 22:45,3.291666667,88.874012,7,20.41,85.9
2019/7/4 23:00,2.906666667,83.224378,7,20.49,82.7
2019/7/4 23:15,2.918333333,79.28277,7,20.52,78.9
2019/7/4 23:30,3.045,82.214087,7,20.54,77.4
2019/7/4 23:45,2.946666667,83.75293,7,20.5,79.4
2019/7/5 0:00,3.011666667,82.700849,7,20.41,81.9
2019/7/5 0:15,3.031666667,82.234807,7,20.27,81.8
2019/7/5 0:30,3.021666667,82.722476,7,20.15,83
2019/7/5 0:45,2.973333333,82.0216,7,20.07,83.4
2019/7/5 1:00,2.963333333,81.869788,7,19.63,83.1
2019/7/5 1:15,2.946666667,81.285981,7,19.39,84
2019/7/5 1:30,2.931666667,83.817464,7,19.44,84.3
2019/7/5 1:45,2.725,82.015252,7,19.24,85.1
2019/7/5 2:00,2.716666667,78.125411,7,19.29,84.7
2019/7/5 2:15,2.78,79.364886,7,19.45,83.7
2019/7/5 2:30,2.678333333,78.704753,7,19.57,82.2
2019/7/5 2:45,2.836666667,79.201492,7,19.63,80.9
2019/7/5 3:00,2.855,81.625535,7,19.6,80.4
2019/7/5 3:15,2.561666667,76.670427,7,19.54,80.3
2019/7/5 3:30,2.61,74.839401,7,19.65,79.4
2019/7/5 3:45,2.705,77.563441,7,19.68,77.4
2019/7/5 4:00,2.73,78.394571,7,19.66,78
2019/7/5 4:15,2.56,77.584998,7,19.59,79.3
2019/7/5 4:30,2.72,77.196538,7,19.53,80.2
2019/7/5 4:45,2.766666667,79.331677,7,19.51,80.3
2019/7/5 5:00,2.658333333,77.671928,7,19.48,80.7
2019/7/5 5:15,2.655,76.46315,7,19.55,80.9
2019/7/5 5:30,2.855,79.83288,7,19.61,80.3
2019/7/5 5:45,2.736666667,79.617022,7,19.82,76.6
2019/7/5 6:00,2.508333333,74.864168,7,20,75.3
2019/7/5 6:15,2.698333333,76.807519,7,20.18,75.6
2019/7/5 6:30,2.726666667,78.983681,7,20.11,75.8
2019/7/5 6:45,2.575,77.60844,7,20.09,76.2
2019/7/5 7:00,2.688333333,77.42314,7,20.4,74.1
2019/7/5 7:15,2.868333333,81.046192,7,20.59,73.2
2019/7/5 7:30,2.65,79.979809,7,20.9,72.4
2019/7/5 7:45,2.626666667,75.317303,7,21.21,71
2019/7/5 8:00,2.918333333,80.504385,7,21.5,69.9
2019/7/5 8:15,2.691666667,80.448641,7,21.79,68.3
2019/7/5 8:30,2.811666667,79.562744,7,22.1,67
2019/7/5 8:45,2.911666667,83.245656,7,22.38,65.7
2019/7/5 9:00,2.75,82.537455,7,22.51,66.2
2019/7/5 9:15,2.758333333,79.092726,7,22.55,65.9
2019/7/5 9:30,3,83.5107,7,22.96,64.6
2019/7/5 9:45,2.851666667,83.320795,7,22.9,64.7
2019/7/5 10:00,2.921666667,82.063949,7,23.38,62.4
2019/7/5 10:15,3.1,86.553922,7,23.39,63.3
2019/7/5 10:30,3.016666667,86.879035,7,23.34,65.1
2019/7/5 10:45,2.856666667,83.706047,7,23.2,66.3
2019/7/5 11:00,2.99,82.856847,7,23.32,64.9
2019/7/5 11:15,3.15,89.66412,7,23.92,62.9
2019/7/5 11:30,2.871666667,86.91036,7,24.57,60.3
2019/7/5 11:45,2.936666667,85.066776,7,24.29,62.1
2019/7/5 12:00,3.168333333,89.124963,7,24.28,62.3
2019/7/5 12:15,3.108333333,89.90935,7,24.35,62.3
2019/7/5 12:30,2.953333333,84.436922,7,24.32,63.5
2019/7/5 12:45,3.06,84.668548,7,24.32,62.9
2019/7/5 13:00,3.178333333,89.140172,7,24.06,64.1
2019/7/5 13:15,3.063333333,89.248869,7,23.89,65.3
2019/7/5 13:30,2.935,85.387075,7,23.55,66.1
2019/7/5 13:45,3.041666667,84.797895,7,23.51,65.3
2019/7/5 14:00,3.168333333,90.583854,7,23.57,64.7
2019/7/5 14:15,3.1,89.927838,7,23.51,64.4
2019/7/5 14:30,3.265,91.297497,7,24.01,64.1
2019/7/5 14:45,3.086666667,88.895012,7,23.97,64.6
2019/7/5 15:00,3.071666667,86.405738,7,23.57,66.8
2019/7/5 15:15,3.336666667,92.044419,7,23.24,68
2019/7/5 15:30,3.113333333,89.53268,7,23.32,67.3
2019/7/5 15:45,3.163333333,87.130474,7,23.22,67.7
2019/7/5 16:00,3.156666667,89.457471,7,22.86,69.5
2019/7/5 16:15,2.968333333,86.60534,7,22.62,69.9
2019/7/5 16:30,3.026666667,82.47927,7,22.6,70.2
2019/7/5 16:45,3.111666667,86.228391,7,22.6,70.1
2019/7/5 17:00,3.061666667,87.534213,7,22.45,69.9
2019/7/5 17:15,3.006666667,87.094474,7,22.48,70.8
2019/7/5 17:30,3.083333333,87.121125,7,22.34,72.8
2019/7/5 17:45,3.066666667,86.265088,7,22.23,72.4
2019/7/5 18:00,2.908333333,84.489526,7,22.04,71.9
2019/7/5 18:15,2.928333333,82.128622,7,21.89,71.8
2019/7/5 18:30,3.308333333,90.154928,7,21.73,76.5
2019/7/5 18:45,3.238333333,90.551831,7,21.41,78.8
2019/7/5 19:00,2.966666667,85.314866,7,21.21,79.4
2019/7/5 19:15,3.146666667,85.090775,7,21.11,80.2
2019/7/5 19:30,3.181666667,87.635445,7,20.97,80.5
2019/7/5 19:45,3.181666667,87.901814,7,20.91,80.4
2019/7/5 20:00,3.076666667,85.902441,7,20.9,79.9
2019/7/5 20:15,3.13,85.688257,7,20.89,80.3
2019/7/5 20:30,3.243333333,87.976325,7,20.77,81.1
2019/7/5 20:45,3.215,88.553574,7,20.74,80.6
2019/7/5 21:00,3.205,88.814781,7,20.75,81
2019/7/5 21:15,3.31,89.23045,7,20.77,82.1
2019/7/5 21:30,3.335,90.602412,7,20.59,83.2
2019/7/5 21:45,3.168333333,88.594457,7,20.35,84.1
2019/7/5 22:00,3.02,84.193855,7,20.18,84.4
2019/7/5 22:15,3.266666667,86.011137,7,20.22,84.2
2019/7/5 22:30,3.338333333,89.016057,7,20.28,84.1
2019/7/5 22:45,3.183333333,88.081114,7,20.31,83.9
2019/7/5 23:00,3.008333333,84.372318,7,20.36,83.8
2019/7/5 23:15,3.128333333,84.725966,7,20.25,84.6
2019/7/5 23:30,3.21,86.265925,7,20.36,84.1
2019/7/5 23:45,2.951666667,83.400818,7,20.4,83.5
2019/7/6 0:00,3.038333333,81.652535,7,20.32,83.7
2019/7/6 0:15,3.258333333,86.610084,7,20.37,83.9
2019/7/6 0:30,3.068333333,86.568852,7,20.36,83.4
2019/7/6 0:45,3,83.00838,7,20.33,83.6
2019/7/6 1:00,3.103333333,84.308691,7,20.29,83.9
2019/7/6 1:15,3.183333333,86.482062,7,20.27,84.2
2019/7/6 1:30,3.201666667,87.114148,7,20.23,84.6
2019/7/6 1:45,3.08,86.898011,7,20.17,85.1
2019/7/6 2:00,3.081666667,83.204076,7,20.04,85.2
2019/7/6 2:15,3.156666667,85.493329,7,19.79,86
2019/7/6 2:30,3.11,87.484051,7,19.7,86.5
2019/7/6 2:45,3.093333333,85.461376,7,19.42,87.3
2019/7/6 3:00,3.161666667,86.42283,7,19.29,87.6
2019/7/6 3:15,3.028333333,86.074137,7,19.32,87.7
2019/7/6 3:30,2.916666667,82.77815,7,19.18,88.8
2019/7/6 3:45,3.008333333,82.861172,7,19.03,89.1
2019/7/6 4:00,2.885,84.173972,7,18.89,89.5
2019/7/6 4:15,2.921666667,82.553153,7,18.87,88.7
2019/7/6 4:30,2.951666667,83.647931,7,18.89,87.7
2019/7/6 4:45,2.938333333,84.869057,7,18.87,87.8
2019/7/6 5:00,2.821666667,83.979741,7,18.85,88
2019/7/6 5:15,2.805,81.370189,7,18.86,87.5
2019/7/6 5:30,2.936666667,82.976985,7,18.84,87.5
2019/7/6 5:45,2.956666667,84.779756,7,18.87,87.8
2019/7/6 6:00,2.768333333,82.044763,7,18.98,87.3
2019/7/6 6:15,2.82,79.798555,7,19.18,86
2019/7/6 6:30,2.921666667,83.776162,7,19.19,85.5
2019/7/6 6:45,2.856666667,85.141007,7,19.18,86.1
2019/7/6 7:00,2.858333333,83.754883,7,18.96,88.4
2019/7/6 7:15,3.103333333,84.828313,7,18.75,92.3
2019/7/6 7:30,2.88,84.148646,7,18.67,93.5
2019/7/6 7:45,2.881666667,81.061053,7,18.72,93.6
2019/7/6 8:00,3.118333333,84.455131,7,18.9,92.7
2019/7/6 8:15,3.003333333,84.232087,7,18.99,91.4
2019/7/6 8:30,2.911666667,82.026833,7,18.93,91.7
2019/7/6 8:45,3.191666667,87.109265,7,19.13,91.3
2019/7/6 9:00,3.023333333,87.197589,7,19.66,86.6
2019/7/6 9:15,2.878333333,82.654105,7,20.27,83
2019/7/6 9:30,2.968333333,82.877707,7,20.19,81.7
2019/7/6 9:45,3.003333333,84.986405,7,20.38,80.4
2019/7/6 10:00,3.075,87.65798,7,20.56,79.6
2019/7/6 10:15,2.856666667,86.695548,7,20.37,80.2
2019/7/6 10:30,2.841666667,84.099182,7,20.57,79
2019/7/6 10:45,2.981666667,87.868047,7,20.81,78.4
2019/7/6 11:00,2.811666667,87.213008,7,20.78,77.1
2019/7/6 11:15,2.908333333,85.706955,7,20.7,76.8
2019/7/6 11:30,3.023333333,87.703816,7,20.29,78.6
2019/7/6 11:45,2.771666667,85.508189,7,20.15,79.2
2019/7/6 12:00,2.833333333,83.496747,7,20.26,78.9
2019/7/6 12:15,2.863333333,85.339703,7,20.18,80.1
2019/7/6 12:30,2.868333333,84.768314,7,20.08,80.8
2019/7/6 12:45,2.971666667,86.329413,7,20.24,79.7
2019/7/6 13:00,2.926666667,88.084882,7,19.94,81.1
2019/7/6 13:15,2.705,82.998543,7,19.76,81.8
2019/7/6 13:30,2.958333333,83.589188,7,19.65,83.2
2019/7/6 13:45,2.931666667,86.026416,7,19.33,87.3
2019/7/6 14:00,2.898333333,86.504178,7,19.04,89.7
2019/7/6 14:15,2.806666667,82.828382,7,19.12,87.6
2019/7/6 14:30,2.806666667,81.418537,7,19.22,86.4
2019/7/6 14:45,2.766666667,82.226993,7,19.03,87
2019/7/6 15:00,2.773333333,83.70214,7,18.94,88
2019/7/6 15:15,2.641666667,82.603385,7,18.79,88.2
2019/7/6 15:30,2.841666667,82.314899,7,18.81,87.2
2019/7/6 15:45,2.818333333,83.526607,7,19.21,84.4
2019/7/6 16:00,2.733333333,82.838149,7,19.65,81.6
2019/7/6 16:15,2.753333333,81.369701,7,19.53,82.2
2019/7/6 16:30,2.775,82.126181,7,19.27,83.6
2019/7/6 16:45,2.716666667,83.583955,7,19.1,84.2
2019/7/6 17:00,2.673333333,81.355468,7,19.29,82.7
2019/7/6 17:15,2.63,79.156004,7,19.31,82.1
2019/7/6 17:30,2.68,79.763393,7,19.28,81.4
2019/7/6 17:45,2.525,79.589465,7,19.17,82.4
2019/7/6 18:00,2.553333333,77.382954,7,19.22,82.4
2019/7/6 18:15,2.646666667,79.436048,7,19.3,82
2019/7/6 18:30,2.606666667,80.526919,7,19.35,80.6
2019/7/6 18:45,2.508333333,76.229153,7,19.32,79.7
2019/7/6 19:00,2.591666667,76.483453,7,19.12,80.1
2019/7/6 19:15,2.595,78.211224,7,19,80.5
2019/7/6 19:30,2.461666667,77.593161,7,18.9,81.1
2019/7/6 19:45,2.496666667,75.143026,7,18.81,81.7
2019/7/6 20:00,2.606666667,76.598777,7,18.69,82.3
2019/7/6 20:15,2.415,75.515649,7,18.43,83.8
2019/7/6 20:30,2.406666667,72.333522,7,18.3,85
2019/7/6 20:45,2.56,76.191898,7,18.26,85.6
2019/7/6 21:00,2.46,76.407895,7,18.25,85.4
2019/7/6 21:15,2.548333333,74.777937,7,18.25,85.5
2019/7/6 21:30,2.578333333,76.305827,7,17.81,88.6
2019/7/6 21:45,2.45,75.379395,7,17.58,90.8
2019/7/6 22:00,2.423333333,72.124361,7,17.64,92.2
2019/7/6 22:15,2.395,72.283639,7,17.71,90.9
2019/7/6 22:30,2.431666667,71.965224,7,17.72,88.8
2019/7/6 22:45,2.485,73.543625,7,17.88,87.4
2019/7/6 23:00,2.366666667,72.81547,7,17.95,86.1
2019/7/6 23:15,2.38,71.033908,7,17.97,86.1
2019/7/6 23:30,2.373333333,71.828411,7,17.85,86.9
2019/7/6 23:45,2.335,72.720866,7,17.56,88.1
2019/7/7 0:00,2.468333333,73.670321,7,17.37,90.2
2019/7/7 0:15,2.41,73.745181,7,17.17,91.6
2019/7/7 0:30,2.295,69.649808,7,17.02,92.4
2019/7/7 0:45,2.363333333,70.536472,7,16.94,92.8
2019/7/7 1:00,2.263333333,70.583634,7,16.92,92.7
2019/7/7 1:15,2.311666667,70.445915,7,16.95,91.9
2019/7/7 1:30,2.323333333,70.412427,7,16.9,91.5
2019/7/7 1:45,2.23,69.450763,7,16.94,91
2019/7/7 2:00,2.191666667,66.789025,7,16.9,91
2019/7/7 2:15,2.215,67.314647,7,16.89,91.4
2019/7/7 2:30,2.205,67.010744,7,17.02,90.6
2019/7/7 2:45,2.285,70.111523,7,16.91,91.1
2019/7/7 3:00,2.408333333,73.794994,7,16.79,92
2019/7/7 3:15,2.233333333,69.274114,7,16.84,91.8
2019/7/7 3:30,2.205,67.010744,7,16.98,90.3
2019/7/7 3:45,2.201666667,67.462413,7,17.19,88.7
2019/7/7 4:00,2.153333333,67.333484,7,17.25,87.3
2019/7/7 4:15,2.223333333,68.405519,7,17.3,86.9
2019/7/7 4:30,2.228333333,70.051803,7,17.33,86.4
2019/7/7 4:45,2.24,69.199603,7,17.35,86.9
2019/7/7 5:00,2.238333333,68.398542,7,17.38,86.6
2019/7/7 5:15,2.173333333,68.413751,7,17.41,86.8
2019/7/7 5:30,2.215,68.056407,7,17.4,86.5
2019/7/7 5:45,2.245,69.729969,7,17.52,85.3
2019/7/7 6:00,2.241666667,68.969582,7,17.79,83.8
2019/7/7 6:15,2.195,67.441902,7,17.95,82.4
2019/7/7 6:30,2.161666667,67.141626,7,18.03,80.8
2019/7/7 6:45,2.161666667,66.598702,7,18.32,79.2
2019/7/7 7:00,2.171666667,67.088603,7,18.46,78.5
2019/7/7 7:15,2.158333333,67.038092,7,18.31,79.4
2019/7/7 7:30,2.3,69.512716,7,18.34,80.2
2019/7/7 7:45,2.136666667,68.15394,7,18.45,78.6
2019/7/7 8:00,2.136666667,66.00736,7,18.73,76.7
2019/7/7 8:15,2.23,69.264068,7,18.79,76.5
2019/7/7 8:30,2.265,69.97192,7,19.21,75.1
2019/7/7 8:45,2.255,69.568599,7,19.59,74.2
2019/7/7 9:00,2.245,68.132382,7,19.12,74.8
2019/7/7 9:15,2.08,65.040394,7,18.73,76.7
2019/7/7 9:30,2.18,66.433494,7,18.88,76.5
2019/7/7 9:45,2.183333333,69.18551,7,19.03,74.8
2019/7/7 10:00,2.253333333,69.800155,7,19.11,74.7
2019/7/7 10:15,2.238333333,70.647262,7,19.45,74
2019/7/7 10:30,2.16,67.45153,7,19.97,71.5
2019/7/7 10:45,2.196666667,66.665538,7,20.07,71
2019/7/7 11:00,2.233333333,69.648063,7,20.27,70.3
2019/7/7 11:15,2.21,70.770609,7,20.03,70.8
2019/7/7 11:30,2.26,70.006664,7,19.83,72.4
2019/7/7 11:45,2.303333333,71.54181,7,19.82,72.4
2019/7/7 12:00,2.15,67.679248,7,19.91,72.3
2019/7/7 12:15,2.235,69.980711,7,19.73,72.8
2019/7/7 12:30,2.215,70.930724,7,19.87,71.9
2019/7/7 12:45,2.226666667,67.575993,7,19.67,72.2
2019/7/7 13:00,2.308333333,70.827469,7,19.87,72.4
2019/7/7 13:15,2.215,71.672483,7,20.05,72.1
2019/7/7 13:30,2.258333333,70.52224,7,19.96,73.1
2019/7/7 13:45,2.221666667,70.586216,7,20,73.2
2019/7/7 14:00,2.225,69.667598,7,20.06,72.5
2019/7/7 14:15,2.301666667,70.044826,7,20.19,70.2
2019/7/7 14:30,2.166666667,68.113197,7,19.94,71.9
2019/7/7 14:45,2.191666667,67.522971,7,19.42,75.5
2019/7/7 15:00,2.251666667,69.748527,7,19.34,75.2
2019/7/7 15:15,2.18,69.809922,7,19.54,73.9
2019/7/7 15:30,2.181666667,67.854153,7,19.67,72.3
2019/7/7 15:45,2.306666667,70.293545,7,19.41,73.2
2019/7/7 16:00,2.125,67.781805,7,19.38,73
2019/7/7 16:15,2.173333333,67.685946,7,19.23,74
2019/7/7 16:30,2.101666667,67.477413,7,18.88,75.7
2019/7/7 16:45,2.035,64.314751,7,18.59,75.3
2019/7/7 17:00,2.15,66.329263,7,18.39,75.1
2019/7/7 17:15,2.12,66.5574,7,18.42,74.1
2019/7/7 17:30,2.005,63.870197,7,18.33,73.9
2019/7/7 17:45,2.016666667,62.891162,7,18.32,74.5
2019/7/7 18:00,1.998333333,63.574177,7,18.16,75.8
2019/7/7 18:15,2.005,64.289844,7,17.94,77
2019/7/7 18:30,2.171666667,67.724945,7,17.88,77
2019/7/7 18:45,2.07,65.940802,7,17.65,79
2019/7/7 19:00,2.051666667,63.123834,7,17.41,81.3
2019/7/7 19:15,2.048333333,63.449993,7,17.18,83.1
2019/7/7 19:30,1.993333333,63.415109,7,17.17,83.2
2019/7/7 19:45,2.026666667,63.287855,7,17.16,82
2019/7/7 20:00,2.073333333,64.571562,7,17.18,81.7
2019/7/7 20:15,2.096666667,65.737084,7,17.04,82.2
2019/7/7 20:30,2.021666667,64.316495,7,17.22,80.4
2019/7/7 20:45,2.02,62.741442,7,17.17,79.9
2019/7/7 21:00,2,63.2086,7,17.05,81
2019/7/7 21:15,1.988333333,62.090798,7,16.99,82
2019/7/7 21:30,2.091666667,64.442075,7,17.14,81.3
2019/7/7 21:45,2.011666667,63.829942,7,17.44,79.2
2019/7/7 22:00,1.938333333,59.880311,7,17.56,78.2
2019/7/7 22:15,1.993333333,62.080054,7,17.49,78.2
2019/7/7 22:30,1.955,62.522933,7,17.25,79.6
2019/7/7 22:45,2.036666667,63.600131,7,16.91,81.5
2019/7/7 23:00,2.018333333,63.703525,7,17.14,80.8
2019/7/7 23:15,1.946666667,61.523037,7,17.06,80.3
2019/7/7 23:30,2.04,63.106462,7,16.99,80.3
2019/7/7 23:45,1.946666667,62.663862,7,17.1,79.8
2019/7/8 0:00,1.966666667,61.661175,7,16.93,80.7
2019/7/8 0:15,2.003333333,61.636757,7,16.9,80.1
2019/7/8 0:30,1.935,61.316319,7,16.86,80
2019/7/8 0:45,1.91,60.28426,7,16.53,81.6
2019/7/8 1:00,1.896666667,59.387061,7,16.64,80.7
2019/7/8 1:15,1.95,61.056996,7,16.83,79
2019/7/8 1:30,1.935,60.992322,7,16.89,78.7
2019/7/8 1:45,1.995,63.301111,7,16.8,79.3
2019/7/8 2:00,1.895,61.635292,7,16.86,78.4
2019/7/8 2:15,1.826666667,62.930091,7,16.99,76.4
2019/7/8 2:30,1.76,56.802346,7,16.99,75.7
2019/7/8 2:45,1.856666667,59.144971,7,17.08,75.3
2019/7/8 3:00,1.896666667,60.419189,7,17.07,75.1
2019/7/8 3:15,1.908333333,60.551188,7,17.07,74.3
2019/7/8 3:30,1.815,58.197539,7,17.11,74
2019/7/8 3:45,1.803333333,58.880276,7,17.19,73.1
2019/7/8 4:00,1.818333333,59.902846,7,17.17,72
2019/7/8 4:15,1.766666667,57.239364,7,17.18,71.6
2019/7/8 4:30,1.765,57.554779,7,17.2,71.1
2019/7/8 4:45,1.815,60.704744,7,17.13,71.2
2019/7/8 5:00,1.778333333,58.212888,7,17.16,71.3
2019/7/8 5:15,1.826666667,59.412735,7,17.28,71
2019/7/8 5:30,1.748333333,57.450408,7,17.32,71.1
2019/7/8 5:45,1.738333333,58.213307,7,17.18,71.7
2019/7/8 6:00,1.846666667,62.382284,7,16.86,72.8
2019/7/8 6:15,1.833333333,60.013287,7,16.64,73.5
2019/7/8 6:30,1.738333333,56.612441,7,16.71,73.4
2019/7/8 6:45,1.748333333,58.840928,7,16.79,72.8
2019/7/8 7:00,1.818333333,61.577386,7,16.77,72.9
2019/7/8 7:15,1.833333333,60.703977,7,16.66,73.3
2019/7/8 7:30,1.73,58.223911,7,16.83,71.4
2019/7/8 7:45,1.79,60.542955,7,17.03,69.4
2019/7/8 8:00,1.893333333,63.324692,7,17.21,69
2019/7/8 8:15,1.785,59.028879,7,17.14,68.2
2019/7/8 8:30,1.743333333,59.548362,7,17.24,68
2019/7/8 8:45,1.9,64.183938,7,17.28,67.8
2019/7/8 9:00,1.876666667,61.981683,7,17.6,66.3
2019/7/8 9:15,1.765,58.367491,7,17.88,65.5
2019/7/8 9:30,1.863333333,63.569294,7,18.4,63.4
2019/7/8 9:45,1.87,63.875011,7,17.95,65.4
2019/7/8 10:00,1.965,64.241077,7,17.92,66.9
2019/7/8 10:15,1.955,64.405168,7,18.09,66.5
2019/7/8 10:30,2.005,66.555935,7,18.11,68
2019/7/8 10:45,2.003333333,67.339205,7,17.84,69.6
2019/7/8 11:00,2.053333333,68.847979,7,17.95,70.6
2019/7/8 11:15,2.028333333,66.736142,7,18.05,70
2019/7/8 11:30,2.078333333,69.512228,7,17.86,70.7
2019/7/8 11:45,2.136666667,69.853317,7,17.56,70.3
2019/7/8 12:00,2.093333333,69.838666,7,17.53,71.1
2019/7/8 12:15,2.06,71.65846,7,18.04,69.9
2019/7/8 12:30,2.065,69.930688,7,18.16,69
2019/7/8 12:45,1.998333333,66.669236,7,18.21,68.6
2019/7/8 13:00,2.136666667,71.821016,7,18.23,67.5
2019/7/8 13:15,2.061666667,68.350682,7,18.53,65.9
2019/7/8 13:30,2.056666667,68.959745,7,18.67,64.8
2019/7/8 13:45,2.043333333,70.308893,7,18.97,63.4
2019/7/8 14:00,2.111666667,70.185127,7,19.18,63.1
2019/7/8 14:15,2.101666667,70.292638,7,19.44,62.8
2019/7/8 14:30,2.138333333,71.698017,7,19.36,63.5
2019/7/8 14:45,2.026666667,70.074756,7,19.74,62.1
2019/7/8 15:00,2.018333333,68.688283,7,19.37,63.3
2019/7/8 15:15,2.033333333,68.177382,7,19.4,63.7
2019/7/8 15:30,2.088333333,70.458612,7,19.9,62.6
2019/7/8 15:45,2.096666667,70.213173,7,19.53,64
2019/7/8 16:00,2.101666667,71.084419,7,19.25,65.1
2019/7/8 16:15,2.123333333,70.839538,7,19.05,67.1
2019/7/8 16:30,2.133333333,69.833643,7,18.73,68.7
2019/7/8 16:45,2.19,71.230232,7,19.09,68.1
2019/7/8 17:00,2.198333333,71.593298,7,19.22,68.9
2019/7/8 17:15,2.235,72.413195,7,18.97,70.8
2019/7/8 17:30,2.141666667,69.120279,7,19.02,70
2019/7/8 17:45,2.213333333,70.970002,7,18.69,72.1
2019/7/8 18:00,2.18,70.266196,7,18.28,73.6
2019/7/8 18:15,2.233333333,71.891759,7,18.19,73.6
2019/7/8 18:30,2.22,70.719121,7,18.13,73.5
2019/7/8 18:45,2.243333333,72.119757,7,17.91,74
2019/7/8 19:00,2.12,67.711062,7,17.83,74.4
2019/7/8 19:15,2.165,69.692086,7,17.69,75.3
2019/7/8 19:30,2.116666667,68.756445,7,17.67,75.1
2019/7/8 19:45,2.276666667,71.857155,7,17.63,75.3
2019/7/8 20:00,2.238333333,69.991385,7,17.61,75.9
2019/7/8 20:15,2.2,69.713644,7,17.6,76.2
2019/7/8 20:30,2.183333333,69.551088,7,17.64,76.4
2019/7/8 20:45,2.181666667,68.128127,7,17.61,75.3
2019/7/8 21:00,2.075,64.970906,7,17.5,74.5
2019/7/8 21:15,2.17,70.125546,7,17.44,75.2
2019/7/8 21:30,2.211666667,70.63882,7,17.41,75.8
2019/7/8 21:45,2.135,68.27952,7,17.42,75.6
2019/7/8 22:00,2.083333333,66.888792,7,17.33,75.5
2019/7/8 22:15,2.156666667,68.972443,7,17.26,75.7
2019/7/8 22:30,2.121666667,67.94192,7,17.25,76.1
2019/7/8 22:45,2.081666667,66.748142,7,17.18,76.4
2019/7/8 23:00,2.103333333,67.707015,7,17.18,76.6
2019/7/8 23:15,2.093333333,66.946977,7,17.23,77.3
2019/7/8 23:30,2.051666667,66.043848,7,17.25,77.3
2019/7/8 23:45,2.065,66.732375,7,17.33,75.5
2019/7/9 0:00,2.071666667,66.947814,7,17.4,73.7
2019/7/9 0:15,2.09,69.377508,7,17.41,72.7
2019/7/9 0:30,2.015,66.128754,7,17.39,72.5
2019/7/9 0:45,2.021666667,64.824256,7,17.35,73.2
2019/7/9 1:00,2.035,64.825861,7,17.36,74.7
2019/7/9 1:15,2.066666667,64.883,7,17.31,75.5
2019/7/9 1:30,2.128333333,67.086301,7,17.19,75.6
2019/7/9 1:45,2.095,65.772525,7,17.16,75.3
2019/7/9 2:00,2.111666667,66.295775,7,17.09,76.5
2019/7/9 2:15,2.128333333,66.908117,7,17.53,74.8
2019/7/9 2:30,2.09,66.840374,7,17.14,77.1
2019/7/9 2:45,2.11,67.568319,7,17,79
2019/7/9 3:00,2.193333333,69.410578,7,17.34,77.6
2019/7/9 3:15,2.125,66.803328,7,17.34,77.5
2019/7/9 3:30,2.146666667,67.3946,7,17.54,76.9
2019/7/9 3:45,2.083333333,66.103917,7,17.18,77.4
2019/7/9 4:00,2.093333333,65.895454,7,17.06,77.4
2019/7/9 4:15,2.158333333,69.025745,7,16.99,76.9
2019/7/9 4:30,2.136666667,67.348973,7,17.03,76.8
2019/7/9 4:45,2.15,67.589249,7,16.96,77.4
2019/7/9 5:00,2.086666667,65.772944,7,17.16,76.8
2019/7/9 5:15,2.065,65.695084,7,17.49,75.2
2019/7/9 5:30,2.056666667,65.085602,7,17.86,73
2019/7/9 5:45,2.135,67.296438,7,17.26,75
2019/7/9 6:00,2.051666667,65.013254,7,17.15,74
2019/7/9 6:15,2.04,65.155927,7,17.17,73.9
2019/7/9 6:30,2.01,64.450168,7,17.22,73.8
2019/7/9 6:45,2.015,65.285275,7,17.23,73.7
2019/7/9 7:00,2.061666667,66.193148,7,17.27,73.6
2019/7/9 7:15,2.068333333,66.666934,7,17.34,72.7
2019/7/9 7:30,2.061666667,65.934244,7,17.45,72.2
2019/7/9 7:45,2.086666667,66.384379,7,17.55,72.5
2019/7/9 8:00,2.125,67.159138,7,17.62,71.3
2019/7/9 8:15,2.098333333,66.93121,7,17.71,71.5
2019/7/9 8:30,2.168333333,68.800956,7,17.77,71
2019/7/9 8:45,2.168333333,68.619424,7,17.73,69.9
2019/7/9 9:00,2.116666667,66.364146,7,17.84,69.6
2019/7/9 9:15,2.105,66.438936,7,17.85,69.2
2019/7/9 9:30,2.105,66.615167,7,18.02,67
2019/7/9 9:45,2.156666667,69.604389,7,18.2,66.1
2019/7/9 10:00,2.22,70.347404,7,18.3,67.1
2019/7/9 10:15,2.17,69.035512,7,18.48,65.6
2019/7/9 10:30,2.106666667,66.050615,7,18.49,64.8
2019/7/9 10:45,2.095,66.035615,7,18.49,64.1
2019/7/9 11:00,2.103333333,68.411379,7,18.78,62.7
2019/7/9 11:15,2.153333333,69.586948,7,19.15,61.6
2019/7/9 11:30,2.18,71.178744,7,18.93,63.9
2019/7/9 11:45,2.145,69.497228,7,18.85,64.2
2019/7/9 12:00,2.138333333,70.265847,7,18.73,63.9
2019/7/9 12:15,2.16,70.344893,7,18.58,66.5
2019/7/9 12:30,2.235,70.822725,7,18.65,66.8
2019/7/9 12:45,2.208333333,70.624797,7,18.74,65.5
2019/7/9 13:00,2.208333333,70.902119,7,18.56,65
2019/7/9 13:15,2.195,70.382148,7,18.64,64.6
2019/7/9 13:30,2.115,67.994035,7,19,62.9
2019/7/9 13:45,2.153333333,69.046117,7,18.68,63.9
2019/7/9 14:00,2.111666667,67.621691,7,18.85,62.8
2019/7/9 14:15,2.116666667,68.667842,7,18.76,62.8
2019/7/9 14:30,2.105,68.289358,7,18.46,64
2019/7/9 14:45,2.036666667,66.754561,7,18.46,63.6
2019/7/9 15:00,2.07,67.327205,7,18.78,62.4
2019/7/9 15:15,2.133333333,68.940629,7,18.75,66.1
2019/7/9 15:30,2.213333333,70.414101,7,18.41,68.9
2019/7/9 15:45,2.223333333,70.173825,7,18.2,69.8
2019/7/9 16:00,2.311666667,71.413579,7,18.3,70.6
2019/7/9 16:15,2.246666667,67.994872,7,18.32,71.9
2019/7/9 16:30,2.196666667,67.309206,7,18.26,71.6
2019/7/9 16:45,2.181666667,67.580179,7,18.28,70.9
2019/7/9 17:00,2.278333333,70.479194,7,18.21,69.8
2019/7/9 17:15,2.186666667,67.185858,7,18.03,71.7
2019/7/9 17:30,2.073333333,66.133777,7,17.97,70.9
2019/7/9 17:45,2.118333333,67.746503,7,17.98,70.8
2019/7/9 18:00,2.066666667,64.623468,7,17.87,70.9
2019/7/9 18:15,2.071666667,65.993895,7,17.63,71.3
2019/7/9 18:30,2.081666667,65.702479,7,17.6,71
2019/7/9 18:45,2.166666667,68.657377,7,17.5,72.3
2019/7/9 19:00,2.101666667,66.597655,7,17.49,71.8
2019/7/9 19:15,2.11,67.215021,7,17.39,72.4
2019/7/9 19:30,2.108333333,66.544144,7,17.19,73.7
2019/7/9 19:45,2.161666667,68.770399,7,17.14,73.7
2019/7/9 20:00,2.146666667,67.843897,7,17.09,73.8
2019/7/9 20:15,2.085,67.291415,7,16.94,74.5
2019/7/9 20:30,2.153333333,68.685562,7,16.89,74.9
2019/7/9 20:45,2.1,67.511808,7,16.84,75.4
2019/7/9 21:00,2.161666667,68.679911,7,16.85,75.7
2019/7/9 21:15,2.136666667,68.243381,7,16.7,76.1
2019/7/9 21:30,2.135,67.922036,7,16.59,77.4
2019/7/9 21:45,2.13,68.297939,7,16.56,78.1
2019/7/9 22:00,2.07,66.807304,7,16.58,78.7
2019/7/9 22:15,2.125,67.514947,7,16.58,78.9
2019/7/9 22:30,2.143333333,67.55911,7,16.48,80
2019/7/9 22:45,2.231666667,68.848747,7,16.85,78.3
2019/7/9 23:00,2.203333333,69.634808,7,17.06,78.2
2019/7/9 23:15,2.116666667,65.566713,7,17.11,78.2
2019/7/9 23:30,2.185,68.04929,7,17.04,78.4
2019/7/9 23:45,2.128333333,65.482645,7,16.75,80.1
2019/7/10 0:00,2.22,68.210033,7,16.94,79.4
2019/7/10 0:15,2.26,69.91206,7,16.76,80
2019/7/10 0:30,2.166666667,66.843443,7,16.55,81.5
2019/7/10 0:45,2.208333333,68.960862,7,16.73,80.6
2019/7/10 1:00,2.135,65.866501,7,17.08,78.4
2019/7/10 1:15,2.166666667,66.752747,7,16.56,79.9
2019/7/10 1:30,2.228333333,68.839189,7,16.4,81
2019/7/10 1:45,2.165,67.970175,7,16.22,81.2
2019/7/10 2:00,2.115,65.426552,7,16.4,80.1
2019/7/10 2:15,2.146666667,67.304741,7,16.73,78.5
2019/7/10 2:30,2.125,66.53647,7,17.15,76.1
2019/7/10 2:45,2.191666667,68.165173,7,16.83,77.7
2019/7/10 3:00,2.196666667,68.412635,7,17.1,76
2019/7/10 3:15,2.088333333,63.90229,7,17.23,75.4
2019/7/10 3:30,2.115,65.515086,7,16.9,77.3
2019/7/10 3:45,2.088333333,65.650643,7,17.09,76.7
2019/7/10 4:00,2.168333333,67.348694,7,17.08,77.3
2019/7/10 4:15,2.196666667,68.504588,7,17.32,77.2
2019/7/10 4:30,2.176666667,66.969721,7,17.1,78.6
2019/7/10 4:45,2.17,66.128754,7,17.14,78.5
2019/7/10 5:00,2.125,64.935325,7,16.74,79.5
2019/7/10 5:15,2.171666667,67.906757,7,16.65,79.3
2019/7/10 5:30,2.131666667,66.65598,7,16.77,78.7
2019/7/10 5:45,2.163333333,66.559493,7,17.04,77.2
2019/7/10 6:00,2.133333333,65.368576,7,16.97,77.6
2019/7/10 6:15,2.123333333,65.328809,7,17.05,76.6
2019/7/10 6:30,2.17,67.127952,7,17.15,74.9
2019/7/10 6:45,2.096666667,64.771652,7,17.22,74.6
2019/7/10 7:00,2.175,67.37367,7,17.67,72.5
2019/7/10 7:15,2.168333333,68.619424,7,17.91,69.8
2019/7/10 7:30,2.111666667,66.649352,7,18.32,67.1
2019/7/10 7:45,2.071666667,66.427494,7,18.4,66.6
2019/7/10 8:00,2.16,69.079046,7,18.23,68.9
2019/7/10 8:15,2.158333333,68.302962,7,18.38,68.7
2019/7/10 8:30,2.403333333,74.849029,7,18.57,69.6
2019/7/10 8:45,2.386666667,73.630624,7,18.75,68.8
2019/7/10 9:00,2.381666667,72.678797,7,19.23,65.6
2019/7/10 9:15,2.263333333,69.825689,7,19.5,64.7
2019/7/10 9:30,2.285,71.354975,7,19.35,63.4
2019/7/10 9:45,2.3,72.593612,7,20.03,59.6
2019/7/10 10:00,2.398333333,77.102771,7,19.55,64.5
2019/7/10 10:15,2.301666667,69.852131,7,19.68,63.8
2019/7/10 10:30,2.263333333,68.973001,7,19.47,62.9
2019/7/10 10:45,2.323333333,74.010852,7,20.73,57.9
2019/7/10 11:00,2.313333333,74.854331,7,21.71,54.1
2019/7/10 11:15,2.33,75.393627,7,21.71,56.2
2019/7/10 11:30,2.49,78.694707,7,21.03,61.6
2019/7/10 11:45,2.395,71.88262,7,21.08,61.1
2019/7/10 12:00,2.378333333,72.975305,7,20.61,62.4
2019/7/10 12:15,2.375,75.95497,7,20.73,61.6
2019/7/10 12:30,2.426666667,75.372558,7,21.33,59.7
2019/7/10 12:45,2.388333333,73.482091,7,21.5,58.9
2019/7/10 13:00,2.328333333,69.58932,7,21.35,59.6
2019/7/10 13:15,2.395,74.388987,7,20.98,59.6
2019/7/10 13:30,2.35,71.023862,7,21.15,58.7
2019/7/10 13:45,2.325,71.922806,7,21.04,58.3
2019/7/10 14:00,2.266666667,70.687587,7,21.79,56.8
2019/7/10 14:15,2.511666667,81.482234,7,21.68,58.7
2019/7/10 14:30,2.428333333,64.649421,7,21.63,57.3
2019/7/10 14:45,2.453333333,74.044201,7,21.78,55.9
2019/7/10 15:00,2.268333333,72.543659,7,21.86,56.2
2019/7/10 15:15,2.313333333,71.465066,7,22.06,55.2
2019/7/10 15:30,2.38,73.026444,7,22.56,53.4
2019/7/10 15:45,2.236666667,71.71818,7,22.88,51.6
2019/7/10 16:00,2.136666667,66.454564,7,22.19,52.5
2019/7/10 16:15,2.248333333,69.833503,7,21.18,56.2
2019/7/10 16:30,2.368333333,74.849517,7,20.74,57.6
2019/7/10 16:45,2.433333333,76.700078,7,20.9,58.4
2019/7/10 17:00,2.271666667,71.128791,7,20.69,60.2
2019/7/10 17:15,2.47,74.133641,7,20.58,63.3
2019/7/10 17:30,2.33,74.223222,7,20.49,63
2019/7/10 17:45,2.22,69.139325,7,20.3,62.1
2019/7/10 18:00,2.335,71.059234,7,19.89,63.5
2019/7/10 18:15,2.36,72.906725,7,19.49,63.9
2019/7/10 18:30,2.215,71.579763,7,19.21,64.3
2019/7/10 18:45,2.276666667,69.093418,7,18.68,68.7
2019/7/10 19:00,2.326666667,71.389997,7,18.35,69
2019/7/10 19:15,2.248333333,71.715808,7,18.25,68.4
2019/7/10 19:30,2.233333333,69.087139,7,18.19,68.5
2019/7/10 19:45,2.156666667,68.791887,7,18.08,68.4
2019/7/10 20:00,2.195,68.452612,7,17.88,69.5
2019/7/10 20:15,2.273333333,71.276138,7,17.81,71.3
2019/7/10 20:30,2.26,72.655565,7,17.68,73.5
2019/7/10 20:45,2.343333333,71.410927,7,17.5,76
2019/7/10 21:00,2.418333333,71.671855,7,17.3,77.4
2019/7/10 21:15,2.341666667,72.438381,7,17.19,78.3
2019/7/10 21:30,2.286666667,70.641262,7,17.08,79.4
2019/7/10 21:45,2.368333333,70.289149,7,17.05,80.5
2019/7/10 22:00,2.418333333,72.279243,7,17.01,81.4
2019/7/10 22:15,2.471666667,73.666344,7,17.08,81.6
2019/7/10 22:30,2.435,73.898598,7,17.54,79.9
2019/7/10 22:45,2.346666667,69.547878,7,17.52,79.7
2019/7/10 23:00,2.376666667,70.337498,7,17.36,81.1
2019/7/10 23:15,2.386666667,72.132036,7,17.57,81
2019/7/10 23:30,2.431666667,72.474171,7,17.68,79.5
2019/7/10 23:45,2.513333333,73.961318,7,17.32,81.5
2019/7/11 0:00,2.431666667,74.611752,7,17.34,81.9
2019/7/11 0:15,2.373333333,70.338195,7,17.41,81.7
2019/7/11 0:30,2.44,71.905434,7,17.25,82.1
2019/7/11 0:45,2.408333333,72.988491,7,17.08,82.5
2019/7/11 1:00,2.478333333,74.176269,7,17.04,83.3
2019/7/11 1:15,2.468333333,72.430428,7,17.21,82
2019/7/11 1:30,2.366666667,71.527577,7,17.25,80.4
2019/7/11 1:45,2.35,68.8597,7,17.61,78.1
2019/7/11 2:00,2.35,71.515717,7,17.01,80.8
2019/7/11 2:15,2.31,70.105035,7,16.83,81.4
2019/7/11 2:30,2.388333333,70.482822,7,16.84,80.9
2019/7/11 2:45,2.278333333,69.430112,7,16.98,79.8
2019/7/11 3:00,2.243333333,67.89399,7,17.06,79.3
2019/7/11 3:15,2.261666667,68.354171,7,17.06,78.7
2019/7/11 3:30,2.27,69.651273,7,17.05,78.5
2019/7/11 3:45,2.3,70.28294,7,17.14,77.8
2019/7/11 4:00,2.33,70.32187,7,17.31,77.2
2019/7/11 4:15,2.193333333,68.492448,7,17.55,75.9
2019/7/11 4:30,2.11,64.12366,7,17.67,76.1
2019/7/11 4:45,2.326666667,69.636901,7,17.77,76
2019/7/11 5:00,2.28,71.198837,7,17.81,75.4
2019/7/11 5:15,2.33,70.419404,7,17.82,75.4
2019/7/11 5:30,2.323333333,69.731644,7,17.94,75.1
2019/7/11 5:45,2.281666667,71.537414,7,18.21,74.8
2019/7/11 6:00,2.298333333,69.654761,7,18.31,74.7
2019/7/11 6:15,2.32,69.437368,7,18.73,73.4
2019/7/11 6:30,2.426666667,72.731471,7,18.88,72.7
2019/7/11 6:45,2.48,74.849029,7,18.43,75.4
2019/7/11 7:00,2.37,74.009317,7,19.35,70
2019/7/11 7:15,2.203333333,67.144556,7,19.69,64.8
2019/7/11 7:30,2.19,68.113336,7,20.17,58.7
2019/7/11 7:45,2.096666667,67.404646,7,21,56.4
2019/7/11 8:00,2.271666667,71.699343,7,21.5,55.6
2019/7/11 8:15,2.325,72.896051,7,21.36,56.6
2019/7/11 8:30,2.398333333,75.396069,7,21.54,58.2
2019/7/11 8:45,2.358333333,75.027073,7,21.82,57.7
2019/7/11 9:00,2.36,72.116408,7,21.75,57.4
2019/7/11 9:15,2.343333333,72.686123,7,21.84,54.5
2019/7/11 9:30,2.295,70.130151,7,22.18,51.1
2019/7/11 9:45,2.601666667,79.392304,7,21.77,59.8
2019/7/11 10:00,2.575,79.979809,7,21.42,63.2
2019/7/11 10:15,2.595,74.952423,7,21.3,64.5
2019/7/11 10:30,2.65,76.097294,7,22.02,61
2019/7/11 10:45,2.665,78.312944,7,22.38,59.1
2019/7/11 11:00,2.75,82.767685,7,22.65,60.6
2019/7/11 11:15,2.585,81.156075,7,22.61,59.8
2019/7/11 11:30,2.716666667,78.125411,7,22.45,60.9
2019/7/11 11:45,2.691666667,80.110622,7,22.07,61.8
2019/7/11 12:00,2.745,81.812858,7,21.11,67.1
2019/7/11 12:15,2.651666667,79.919112,7,21.09,67.4
2019/7/11 12:30,2.826666667,79.987204,7,21.2,68.2
2019/7/11 12:45,2.771666667,82.60764,7,21.52,65.7
2019/7/11 13:00,2.653333333,79.52507,7,21.87,64.4
2019/7/11 13:15,2.716666667,77.329373,7,21.9,62.8
2019/7/11 13:30,2.721666667,79.978135,7,22.39,62.6
2019/7/11 13:45,2.735,80.14097,7,22.35,63.1
2019/7/11 14:00,2.905,82.568641,7,21.52,68.4
2019/7/11 14:15,2.716666667,82.333039,7,21.19,69.6
2019/7/11 14:30,2.531666667,73.758994,7,21.17,68.9
2019/7/11 14:45,2.893333333,78.845822,7,21.25,67.9
2019/7/11 15:00,2.926666667,82.57192,7,20.99,70.5
2019/7/11 15:15,2.728333333,82.115576,7,20.48,73
2019/7/11 15:30,2.78,80.412223,7,20.4,73.6
2019/7/11 15:45,2.876666667,81.763324,7,20,75.2
2019/7/11 16:00,2.751666667,81.666,7,20.06,75
2019/7/11 16:15,2.661666667,76.766566,7,20.12,74.8
2019/7/11 16:30,2.98,81.08282,7,19.95,75.8
2019/7/11 16:45,2.893333333,82.721499,7,19.64,77.4
2019/7/11 17:00,2.585,77.801624,7,19.48,78.4
2019/7/11 17:15,2.825,77.811461,7,19.27,79.5
2019/7/11 17:30,2.943333333,82.795731,7,19.27,79.2
2019/7/11 17:45,2.688333333,78.548476,7,19.19,79.8
2019/7/11 18:00,2.748333333,76.390035,7,19.23,79.9
2019/7/11 18:15,2.87,79.651627,7,19.27,80.2
2019/7/11 18:30,2.736666667,79.731579,7,19.34,80.4
2019/7/11 18:45,2.681666667,75.098305,7,19.41,80.6
2019/7/11 19:00,3.02,80.654174,7,19.35,81
2019/7/11 19:15,2.891666667,81.463397,7,19.33,81.5
2019/7/11 19:30,2.696666667,75.405488,7,19.26,82.3
2019/7/11 19:45,2.826666667,77.620719,7,19.31,82.9
2019/7/11 20:00,2.868333333,80.44585,7,19.46,83
2019/7/11 20:15,2.941666667,79.424117,7,19.51,82.8
2019/7/11 20:30,2.973333333,79.656789,7,19.51,83
2019/7/11 20:45,2.693333333,77.116166,7,19.5,82.4
2019/7/11 21:00,2.81,76.10441,7,19.4,82.9
2019/7/11 21:15,2.898333333,79.346049,7,19.37,83
2019/7/11 21:30,2.718333333,75.214815,7,19.33,82.6
2019/7/11 21:45,2.913333333,78.29327,7,19.36,82.3
2019/7/11 22:00,2.948333333,79.85095,7,19.41,82.2
2019/7/11 22:15,2.738333333,77.143724,7,19.48,81.5
2019/7/11 22:30,2.73,75.537626,7,19.43,81.7
2019/7/11 22:45,2.905,79.528558,7,19.34,83
2019/7/11 23:00,2.701666667,78.824961,7,19.29,83
2019/7/11 23:15,2.68,73.593229,7,19.29,82.4
2019/7/11 23:30,2.763333333,76.344268,7,19.29,82.3
2019/7/11 23:45,2.706666667,77.951134,7,19.24,83.8
2019/7/12 0:00,2.666666667,75.571253,7,19.22,85.6
2019/7/12 0:15,2.888333333,78.588662,7,19.23,87.4
2019/7/12 0:30,2.951666667,82.041693,7,19.46,87.7
2019/7/12 0:45,2.818333333,78.453663,7,19.49,88.6
2019/7/12 1:00,2.981666667,78.75673,7,19.51,89.2
2019/7/12 1:15,2.931666667,80.013157,7,19.44,89.3
2019/7/12 1:30,2.791666667,76.542754,7,19.31,88.8
2019/7/12 1:45,2.923333333,77.093562,7,19.28,88.4
2019/7/12 2:00,2.941666667,80.162947,7,19.28,88.8
2019/7/12 2:15,2.73,75.994737,7,19.14,90.2
2019/7/12 2:30,2.951666667,78.952774,7,18.96,91.6
2019/7/12 2:45,2.78,76.688357,7,18.61,92.2
2019/7/12 3:00,2.75,74.939865,7,18.39,92.6
2019/7/12 3:15,2.838333333,76.158898,7,18.32,93
2019/7/12 3:30,2.861666667,78.342246,7,18.33,93.5
2019/7/12 3:45,2.71,77.026167,7,18.27,93.6
2019/7/12 4:00,2.82,77.083516,7,18.33,93.8
2019/7/12 4:15,2.743333333,78.892286,7,18.31,93.7
2019/7/12 4:30,2.693333333,74.748565,7,18.2,93.3
2019/7/12 4:45,2.88,77.156352,7,18.24,93.6
2019/7/12 5:00,2.776666667,77.642486,7,18.2,93.6
2019/7/12 5:15,2.645,73.185722,7,18.21,93.5
2019/7/12 5:30,2.726666667,74.988841,7,18.26,94
2019/7/12 5:45,2.71,76.912727,7,18.21,93.8
2019/7/12 6:00,2.728333333,77.661463,7,18.22,93.7
2019/7/12 6:15,2.698333333,75.113235,7,18.24,93.8
2019/7/12 6:30,2.706666667,74.098898,7,18.11,93.5
2019/7/12 6:45,2.618333333,74.749542,7,18.06,93.1
2019/7/12 7:00,2.661666667,75.652392,7,18.14,92.7
2019/7/12 7:15,2.715,78.191131,7,18.4,91.9
2019/7/12 7:30,2.813333333,77.96118,7,18.55,90.6
2019/7/12 7:45,2.755,78.651173,7,18.6,89.3
2019/7/12 8:00,2.888333333,78.467756,7,18.73,89.1
2019/7/12 8:15,2.92,80.183667,7,18.81,89.6
2019/7/12 8:30,2.868333333,82.727151,7,18.88,89.8
2019/7/12 8:45,2.926666667,80.611755,7,19.02,90.1
2019/7/12 9:00,3.023333333,81.75565,7,18.98,89.7
2019/7/12 9:15,3.001666667,82.803196,7,19.1,90
2019/7/12 9:30,2.903333333,83.858138,7,19.09,90.5
2019/7/12 9:45,2.738333333,79.436257,7,19.08,90.9
2019/7/12 10:00,2.825,78.639243,7,19.18,91.2
2019/7/12 10:15,3.078333333,83.500654,7,19.24,91.5
2019/7/12 10:30,3.105,85.523747,7,19.36,91.7
2019/7/12 10:45,2.915,84.683199,7,19.46,91.2
2019/7/12 11:00,2.935,80.226992,7,19.51,91.1
2019/7/12 11:15,3.16,84.922219,7,19.56,90.9
2019/7/12 11:30,3.14,84.253296,7,19.66,90.3
2019/7/12 11:45,3.315,86.034858,7,19.73,90.9
2019/7/12 12:00,3.296666667,88.733014,7,19.88,91.8
2019/7/12 12:15,2.961666667,84.055299,7,19.91,92.1
2019/7/12 12:30,3.11,83.057775,7,19.9,92.3
2019/7/12 12:45,3.291666667,88.736223,7,20.1,92.2
2019/7/12 13:00,3.283333333,90.023418,7,20.28,91.8
2019/7/12 13:15,3.161666667,87.746304,7,20.18,91.2
2019/7/12 13:30,2.9,82.183738,7,19.98,90.8
2019/7/12 13:45,3.191666667,84.971614,7,19.95,91
2019/7/12 14:00,3.321666667,89.962093,7,20.04,90.3
2019/7/12 14:15,3.093333333,88.051115,7,20.18,89
2019/7/12 14:30,2.983333333,83.796046,7,20.14,88.2
2019/7/12 14:45,3.263333333,87.426005,7,20.19,87.6
2019/7/12 15:00,3.246666667,89.289892,7,20.33,87.4
2019/7/12 15:15,3.23,89.237148,7,20.34,87.1
2019/7/12 15:30,3.113333333,86.665549,7,20.34,87.6
2019/7/12 15:45,3.135,85.168984,7,20.35,87.5
2019/7/12 16:00,3.3,88.40832,7,20.25,87.8
2019/7/12 16:15,3.261666667,89.019755,7,20.2,88.1
2019/7/12 16:30,3.021666667,86.137624,7,20.2,88.3
2019/7/12 16:45,2.966666667,81.837695,7,20.14,88.5
2019/7/12 17:00,3.223333333,86.084532,7,20.07,88.8
2019/7/12 17:15,3.218333333,88.241229,7,20.05,88.6
2019/7/12 17:30,3.113333333,84.971335,7,20,89
2019/7/12 17:45,2.983333333,84.04581,7,19.96,89
2019/7/12 18:00,3.118333333,84.716198,7,19.99,88.6
2019/7/12 18:15,3.115,86.059974,7,19.84,90
2019/7/12 18:30,3.071666667,85.762838,7,19.76,90.4
2019/7/12 18:45,3.078333333,84.789244,7,19.59,90.9
2019/7/12 19:00,3.216666667,86.983685,7,19.45,92.1
2019/7/12 19:15,3.16,87.170938,7,19.29,93.3
2019/7/12 19:30,2.913333333,83.293307,7,19.16,94.3
2019/7/12 19:45,2.975,80.324107,7,19.1,94.5
2019/7/12 20:00,3.09,83.687768,7,19.18,94.7
2019/7/12 20:15,3.241666667,87.252635,7,19.24,94.3
2019/7/12 20:30,3.17,87.446796,7,19.26,94.5
2019/7/12 20:45,3.016666667,82.711872,7,19.29,94
2019/7/12 21:00,2.998333333,80.075529,7,19.31,94
2019/7/12 21:15,3.14,84.779058,7,19.32,94
2019/7/12 21:30,3.183333333,84.483247,7,19.33,94.3
2019/7/12 21:45,3.223333333,85.005102,7,19.26,94.3
2019/7/12 22:00,3.143333333,85.000637,7,19.28,94.6
2019/7/12 22:15,3.033333333,82.026065,7,19.23,94.6
2019/7/12 22:30,3.106666667,82.318527,7,19.2,95.2
2019/7/12 22:45,3.075,83.281517,7,19.13,95.3
2019/7/12 23:00,3.073333333,83.750976,7,19.15,95.5
2019/7/12 23:15,3.01,80.387107,7,19.19,95.5
2019/7/12 23:30,3.065,81.086169,7,19.55,95.1
2019/7/12 23:45,3.043333333,82.423875,7,19.69,93.6
2019/7/13 0:00,2.993333333,83.575723,7,19.64,93.3
2019/7/13 0:15,3.056666667,80.993658,7,19.79,93
2019/7/13 0:30,3.068333333,81.174354,7,19.73,92.7
2019/7/13 0:45,3.11,82.406852,7,19.72,92.8
2019/7/13 1:00,3.008333333,82.231528,7,19.68,92.7
2019/7/13 1:15,3.001666667,78.782404,7,19.69,92.6
2019/7/13 1:30,2.988333333,80.058645,7,19.75,92.1
2019/7/13 1:45,3.05,81.583047,7,19.76,92
2019/7/13 2:00,3.108333333,83.273493,7,19.7,92.1
2019/7/13 2:15,2.983333333,82.42234,7,19.69,92.4
2019/7/13 2:30,2.988333333,78.182271,7,19.64,92.6
2019/7/13 2:45,2.988333333,80.058645,7,19.59,92.9
2019/7/13 3:00,2.991666667,80.648871,7,19.59,92.9
2019/7/13 3:15,3.045,81.576768,7,19.47,92.9
2019/7/13 3:30,3.04,80.67929,7,19.48,92.7
2019/7/13 3:45,3.038333333,80.253504,7,19.58,92
2019/7/13 4:00,2.99,80.854264,7,19.68,91.2
2019/7/13 4:15,2.938333333,78.227131,7,19.62,90.8
2019/7/13 4:30,3.001666667,79.410653,7,19.57,90.7
2019/7/13 4:45,3.063333333,80.913845,7,19.68,90
2019/7/13 5:00,2.923333333,80.397572,7,19.27,90.8
2019/7/13 5:15,2.83,75.816832,7,19.37,92.3
2019/7/13 5:30,2.961666667,79.344235,7,20,89.9
2019/7/13 5:45,2.855,77.442674,7,20.78,86.9
2019/7/13 6:00,2.946666667,78.078946,7,21.72,82.8
2019/7/13 6:15,3.07,80.961426,7,23.02,77.4
2019/7/13 6:30,3.01,80.891101,7,23.1,77.2
2019/7/13 6:45,2.931666667,77.558766,7,23.57,74.1
2019/7/13 7:00,2.901666667,77.736811,7,24.01,72.3
2019/7/13 7:15,2.955,79.90781,7,24.62,69.7
2019/7/13 7:30,2.998333333,81.456141,7,24.91,68.1
2019/7/13 7:45,3.068333333,82.201877,7,23.18,76.5
2019/7/13 8:00,2.981666667,81.377793,7,22.88,78
2019/7/13 8:15,2.903333333,79.361397,7,23.21,76
2019/7/13 8:30,2.835,76.900169,7,22.85,76.9
2019/7/13 8:45,2.88,78.482477,7,22.67,77.9
2019/7/13 9:00,2.926666667,80.366735,7,22.93,77.2
2019/7/13 9:15,2.931666667,80.872194,7,23.28,75.9
2019/7/13 9:30,2.928333333,81.147982,7,23.35,75.1
2019/7/13 9:45,2.85,80.050971,7,23.49,74.5
2019/7/13 10:00,3.19,86.663177,7,24.08,72.5
2019/7/13 10:15,2.998333333,86.476551,7,23.95,72.4
2019/7/13 10:30,2.94,79.009913,7,23.54,73.3
2019/7/13 10:45,3.038333333,81.016611,7,24.07,71.2
2019/7/13 11:00,2.99,83.858138,7,24.91,68
2019/7/13 11:15,2.968333333,83.25047,7,24.9,67.8
2019/7/13 11:30,2.968333333,82.504944,7,25.05,67.3
2019/7/13 11:45,3.03,81.935927,7,24.62,68.4
2019/7/13 12:00,3.076666667,84.22818,7,25,67.1
2019/7/13 12:15,3.006666667,84.325575,7,25.5,64.9
2019/7/13 12:30,2.928333333,81.270562,7,25.38,65.8
2019/7/13 12:45,2.968333333,81.013891,7,25.83,64.7
2019/7/13 13:00,3.01,84.923056,7,26.13,63.2
2019/7/13 13:15,2.978333333,85.650374,7,26.05,63.5
2019/7/13 13:30,3.008333333,82.861172,7,26.58,62.3
2019/7/13 13:45,3.001666667,83.934044,7,27.02,60.9
2019/7/13 14:00,2.891666667,84.731617,7,27.32,60.5
2019/7/13 14:15,2.881666667,80.337293,7,27.24,60.5
2019/7/13 14:30,2.985,82.343434,7,27.13,60
2019/7/13 14:45,3.02,84.067438,7,27.66,58.5
2019/7/13 15:00,3.035,86.390668,7,27.41,61.7
2019/7/13 15:15,2.965,82.164064,7,27.49,60.2
2019/7/13 15:30,2.936666667,81.747696,7,27.3,60.5
2019/7/13 15:45,2.916666667,82.0456,7,26.22,64.7
2019/7/13 16:00,2.975,82.565711,7,26.47,63.1
2019/7/13 16:15,3.145,85.572305,7,26.99,61.1
2019/7/13 16:30,3.03,86.502016,7,26.64,62.8
2019/7/13 16:45,3.006666667,82.185971,7,26.13,63.6
2019/7/13 17:00,3.033333333,81.518164,7,25.8,65.2
2019/7/13 17:15,3.03,82.570106,7,25.76,65.1
2019/7/13 17:30,2.956666667,81.438072,7,25.19,67.7
2019/7/13 17:45,3.005,81.511466,7,24.75,70.2
2019/7/13 18:00,2.948333333,83.306632,7,24.49,72.9
2019/7/13 18:15,2.953333333,82.582524,7,24.19,73.3
2019/7/13 18:30,2.941666667,81.886881,7,24.06,73
2019/7/13 18:45,2.998333333,83.338795,7,23.78,72.9
2019/7/13 19:00,2.998333333,84.091856,7,23.67,73.5
2019/7/13 19:15,2.868333333,80.085645,7,23.41,75.1
2019/7/13 19:30,2.853333333,77.397466,7,23.43,74.5
2019/7/13 19:45,2.9,80.241434,7,23.34,74.4
2019/7/13 20:00,2.896666667,81.604256,7,23.36,73.7
2019/7/13 20:15,2.95,79.896089,7,23.37,72.9
2019/7/13 20:30,2.87,80.372456,7,23.29,71.7
2019/7/13 20:45,2.788333333,77.268397,7,23.4,70.1
2019/7/13 21:00,2.873333333,77.939971,7,23.27,73.9
2019/7/13 21:15,2.838333333,78.891589,7,23.22,74.8
2019/7/13 21:30,2.828333333,79.324002,7,23.33,73.8
2019/7/13 21:45,2.933333333,80.058645,7,23.2,72.6
2019/7/13 22:00,2.998333333,82.460223,7,23.15,73.1
2019/7/13 22:15,2.903333333,81.792068,7,23.17,73.8
2019/7/13 22:30,2.916666667,79.359583,7,23.1,75.6
2019/7/13 22:45,2.865,81.071936,7,22.63,78.7
2019/7/13 23:00,2.888333333,80.523152,7,22.01,83.1
2019/7/13 23:15,3.006666667,81.808393,7,21.41,86.4
2019/7/13 23:30,2.963333333,84.598781,7,21.3,86.9
2019/7/13 23:45,2.91,81.249004,7,21.33,86.2
2019/7/14 0:00,2.923333333,80.519943,7,21.44,85
